,budget,model,correct,wrong,total,n_pref_input,n_pref_output,theta_size,theta_additivity,n_items,n_test_subsets,n_tiers,alpha,p
0,1,CARD,13,6,25,1,65,28,4,5,10,6,0.7000000000000001,0.1
1,1,CLF_UNION,34,15,73,1,73,28,4,5,10,6,0.7000000000000001,0.1
2,1,ORD-UNION,0,0,0,1,0,28,4,5,10,6,0.7000000000000001,0.1
3,1,CARD,12,10,24,1,66,28,4,5,10,6,0.7000000000000001,0.1
4,1,CLF_UNION,27,16,65,1,65,28,4,5,10,6,0.7000000000000001,0.1
5,1,ORD-UNION,0,0,0,1,0,28,4,5,10,6,0.7000000000000001,0.1
6,1,CARD,7,8,21,1,69,28,4,5,10,6,0.7000000000000001,0.1
7,1,CLF_UNION,26,19,67,1,67,28,4,5,10,6,0.7000000000000001,0.1
8,1,ORD-UNION,0,0,0,1,0,28,4,5,10,6,0.7000000000000001,0.1
9,1,CARD,14,2,25,1,65,28,4,5,10,6,0.7000000000000001,0.1
10,1,CLF_UNION,29,11,73,1,73,28,4,5,10,6,0.7000000000000001,0.1
11,1,ORD-UNION,0,0,0,1,0,28,4,5,10,6,0.7000000000000001,0.1
12,1,CARD,15,4,25,1,65,28,4,5,10,6,0.7000000000000001,0.1
13,1,CLF_UNION,32,8,65,1,65,28,4,5,10,6,0.7000000000000001,0.1
14,1,ORD-UNION,0,0,0,1,0,28,4,5,10,6,0.7000000000000001,0.1
15,2,CARD,23,8,35,3,55,28,4,5,10,6,0.7000000000000001,0.1
16,2,CLF_UNION,27,16,62,3,62,28,4,5,10,6,0.7000000000000001,0.1
17,2,ORD-UNION,0,0,0,3,0,28,4,5,10,6,0.7000000000000001,0.1
18,2,CARD,17,10,37,3,53,28,4,5,10,6,0.7000000000000001,0.1
19,2,CLF_UNION,20,16,60,3,60,28,4,5,10,6,0.7000000000000001,0.1
20,2,ORD-UNION,0,0,0,3,0,28,4,5,10,6,0.7000000000000001,0.1
21,2,CARD,23,5,36,3,54,28,4,5,10,6,0.7000000000000001,0.1
22,2,CLF_UNION,32,7,60,3,60,28,4,5,10,6,0.7000000000000001,0.1
23,2,ORD-UNION,0,0,0,3,0,28,4,5,10,6,0.7000000000000001,0.1
24,2,CARD,25,2,33,3,57,28,4,5,10,6,0.7000000000000001,0.1
25,2,CLF_UNION,29,8,59,3,59,28,4,5,10,6,0.7000000000000001,0.1
26,2,ORD-UNION,0,0,0,3,0,28,4,5,10,6,0.7000000000000001,0.1
27,2,CARD,15,14,35,3,55,28,4,5,10,6,0.7000000000000001,0.1
28,2,CLF_UNION,19,17,58,3,58,28,4,5,10,6,0.7000000000000001,0.1
29,2,ORD-UNION,0,0,0,3,0,28,4,5,10,6,0.7000000000000001,0.1
30,3,CARD,28,0,34,6,56,28,4,5,10,6,0.7000000000000001,0.1
31,3,CLF_UNION,33,2,56,6,56,28,4,5,10,6,0.7000000000000001,0.1
32,3,ORD-UNION,0,0,0,6,0,28,4,5,10,6,0.7000000000000001,0.1
33,3,CARD,18,11,38,6,52,28,4,5,10,6,0.7000000000000001,0.1
34,3,CLF_UNION,24,12,57,6,57,28,4,5,10,6,0.7000000000000001,0.1
35,3,ORD-UNION,0,0,0,6,0,28,4,5,10,6,0.7000000000000001,0.1
36,3,CARD,27,2,39,6,51,28,4,5,10,6,0.7000000000000001,0.1
37,3,CLF_UNION,29,4,56,6,56,28,4,5,10,6,0.7000000000000001,0.1
38,3,ORD-UNION,0,0,0,6,0,28,4,5,10,6,0.7000000000000001,0.1
39,3,CARD,25,9,40,6,50,28,4,5,10,6,0.7000000000000001,0.1
40,3,CLF_UNION,26,14,56,6,56,28,4,5,10,6,0.7000000000000001,0.1
41,3,ORD-UNION,0,0,0,6,0,28,4,5,10,6,0.7000000000000001,0.1
42,3,CARD,19,7,37,6,53,28,4,5,10,6,0.7000000000000001,0.1
43,3,CLF_UNION,27,6,57,6,57,28,4,5,10,6,0.7000000000000001,0.1
44,3,ORD-UNION,0,0,0,6,0,28,4,5,10,6,0.7000000000000001,0.1
45,4,CARD,30,5,41,9,49,28,4,5,10,6,0.7000000000000001,0.1
46,4,CLF_UNION,28,7,56,9,56,28,4,5,10,6,0.7000000000000001,0.1
47,4,ORD-UNION,0,0,0,9,0,28,4,5,10,6,0.7000000000000001,0.1
48,4,CARD,20,9,41,9,46,28,4,5,10,6,0.7000000000000001,0.1
49,4,CLF_UNION,19,10,52,9,55,28,4,5,10,6,0.7000000000000001,0.1
50,4,ORD-UNION,0,0,0,9,3,28,4,5,10,6,0.7000000000000001,0.1
51,4,CARD,20,8,41,9,49,28,4,5,10,6,0.7000000000000001,0.1
52,4,CLF_UNION,27,4,55,9,55,28,4,5,10,6,0.7000000000000001,0.1
53,4,ORD-UNION,0,0,0,9,0,28,4,5,10,6,0.7000000000000001,0.1
54,4,CARD,15,14,41,9,49,28,4,5,10,6,0.7000000000000001,0.1
55,4,CLF_UNION,21,11,55,9,55,28,4,5,10,6,0.7000000000000001,0.1
56,4,ORD-UNION,0,0,0,9,0,28,4,5,10,6,0.7000000000000001,0.1
57,4,CARD,22,6,43,9,47,28,4,5,10,6,0.7000000000000001,0.1
58,4,CLF_UNION,27,2,55,9,55,28,4,5,10,6,0.7000000000000001,0.1
59,4,ORD-UNION,0,0,0,9,0,28,4,5,10,6,0.7000000000000001,0.1
60,5,CARD,19,8,43,12,47,28,4,5,10,6,0.7000000000000001,0.1
61,5,CLF_UNION,21,7,56,12,56,28,4,5,10,6,0.7000000000000001,0.1
62,5,ORD-UNION,0,0,0,12,0,28,4,5,10,6,0.7000000000000001,0.1
63,5,CARD,21,14,41,12,46,28,4,5,10,6,0.7000000000000001,0.1
64,5,CLF_UNION,23,12,52,12,55,28,4,5,10,6,0.7000000000000001,0.1
65,5,ORD-UNION,0,0,0,12,3,28,4,5,10,6,0.7000000000000001,0.1
66,5,CARD,22,11,42,12,47,28,4,5,10,6,0.7000000000000001,0.1
67,5,CLF_UNION,24,10,55,12,56,28,4,5,10,6,0.7000000000000001,0.1
68,5,ORD-UNION,0,0,0,12,1,28,4,5,10,6,0.7000000000000001,0.1
69,5,CARD,22,12,40,12,48,28,4,5,10,6,0.7000000000000001,0.1
70,5,CLF_UNION,22,12,54,12,56,28,4,5,10,6,0.7000000000000001,0.1
71,5,ORD-UNION,0,0,0,12,2,28,4,5,10,6,0.7000000000000001,0.1
72,5,CARD,26,5,41,12,48,28,4,5,10,6,0.7000000000000001,0.1
73,5,CLF_UNION,29,3,54,12,55,28,4,5,10,6,0.7000000000000001,0.1
74,5,ORD-UNION,0,0,0,12,1,28,4,5,10,6,0.7000000000000001,0.1
75,6,CARD,20,9,40,17,49,28,4,5,10,6,0.7000000000000001,0.1
76,6,CLF_UNION,22,9,55,17,56,28,4,5,10,6,0.7000000000000001,0.1
77,6,ORD-UNION,0,0,0,17,1,28,4,5,10,6,0.7000000000000001,0.1
78,6,CARD,20,10,39,17,51,28,4,5,10,6,0.7000000000000001,0.1
79,6,CLF_UNION,22,12,55,17,55,28,4,5,10,6,0.7000000000000001,0.1
80,6,ORD-UNION,0,0,0,17,0,28,4,5,10,6,0.7000000000000001,0.1
81,6,CARD,27,4,39,17,48,28,4,5,10,6,0.7000000000000001,0.1
82,6,CLF_UNION,32,1,52,17,55,28,4,5,10,6,0.7000000000000001,0.1
83,6,ORD-UNION,0,0,0,17,3,28,4,5,10,6,0.7000000000000001,0.1
84,6,CARD,33,1,41,17,49,28,4,5,10,6,0.7000000000000001,0.1
85,6,CLF_UNION,34,3,55,17,55,28,4,5,10,6,0.7000000000000001,0.1
86,6,ORD-UNION,0,0,0,17,0,28,4,5,10,6,0.7000000000000001,0.1
87,6,CARD,22,10,40,17,50,28,4,5,10,6,0.7000000000000001,0.1
88,6,CLF_UNION,26,10,55,17,55,28,4,5,10,6,0.7000000000000001,0.1
89,6,ORD-UNION,0,0,0,17,0,28,4,5,10,6,0.7000000000000001,0.1
90,7,CARD,27,7,40,22,49,28,4,5,10,6,0.7000000000000001,0.1
91,7,CLF_UNION,30,6,54,22,55,28,4,5,10,6,0.7000000000000001,0.1
92,7,ORD-UNION,0,0,0,22,1,28,4,5,10,6,0.7000000000000001,0.1
93,7,CARD,18,8,41,22,48,28,4,5,10,6,0.7000000000000001,0.1
94,7,CLF_UNION,22,6,54,22,55,28,4,5,10,6,0.7000000000000001,0.1
95,7,ORD-UNION,0,0,0,22,1,28,4,5,10,6,0.7000000000000001,0.1
96,7,CARD,21,5,36,22,50,28,4,5,10,6,0.7000000000000001,0.1
97,7,CLF_UNION,24,3,52,22,56,28,4,5,10,6,0.7000000000000001,0.1
98,7,ORD-UNION,0,0,0,22,4,28,4,5,10,6,0.7000000000000001,0.1
99,7,CARD,21,0,31,22,55,28,4,5,10,6,0.7000000000000001,0.1
100,7,CLF_UNION,25,0,52,22,56,28,4,5,10,6,0.7000000000000001,0.1
101,7,ORD-UNION,0,0,0,22,4,28,4,5,10,6,0.7000000000000001,0.1
102,7,CARD,26,2,38,22,51,28,4,5,10,6,0.7000000000000001,0.1
103,7,CLF_UNION,29,4,55,22,56,28,4,5,10,6,0.7000000000000001,0.1
104,7,ORD-UNION,0,0,0,22,1,28,4,5,10,6,0.7000000000000001,0.1
105,8,CARD,18,3,33,29,48,28,4,5,10,6,0.7000000000000001,0.1
106,8,CLF_UNION,23,0,46,29,55,28,4,5,10,6,0.7000000000000001,0.1
107,8,ORD-UNION,0,0,0,29,9,28,4,5,10,6,0.7000000000000001,0.1
108,8,CARD,14,17,36,29,48,28,4,5,10,6,0.7000000000000001,0.1
109,8,CLF_UNION,29,5,49,29,55,28,4,5,10,6,0.7000000000000001,0.1
110,8,ORD-UNION,0,0,0,29,6,28,4,5,10,6,0.7000000000000001,0.1
111,8,CARD,19,15,43,29,47,28,4,5,10,6,0.7000000000000001,0.1
112,8,CLF_UNION,26,9,55,29,55,28,4,5,10,6,0.7000000000000001,0.1
113,8,ORD-UNION,0,0,0,29,0,28,4,5,10,6,0.7000000000000001,0.1
114,8,CARD,13,12,33,29,48,28,4,5,10,6,0.7000000000000001,0.1
115,8,CLF_UNION,21,6,48,29,57,28,4,5,10,6,0.7000000000000001,0.1
116,8,ORD-UNION,0,0,0,29,9,28,4,5,10,6,0.7000000000000001,0.1
117,8,CARD,13,11,40,29,48,28,4,5,10,6,0.7000000000000001,0.1
118,8,CLF_UNION,25,0,54,29,56,28,4,5,10,6,0.7000000000000001,0.1
119,8,ORD-UNION,0,0,0,29,2,28,4,5,10,6,0.7000000000000001,0.1
120,9,CARD,18,7,34,38,51,28,4,5,10,6,0.7000000000000001,0.1
121,9,CLF_UNION,16,11,50,38,55,28,4,5,10,6,0.7000000000000001,0.1
122,9,ORD-UNION,0,0,0,38,5,28,4,5,10,6,0.7000000000000001,0.1
123,9,CARD,18,16,42,38,47,28,4,5,10,6,0.7000000000000001,0.1
124,9,CLF_UNION,29,6,54,38,55,28,4,5,10,6,0.7000000000000001,0.1
125,9,ORD-UNION,0,0,0,38,1,28,4,5,10,6,0.7000000000000001,0.1
126,9,CARD,15,6,33,38,49,28,4,5,10,6,0.7000000000000001,0.1
127,9,CLF_UNION,23,0,47,38,55,28,4,5,10,6,0.7000000000000001,0.1
128,9,ORD-UNION,0,0,0,38,8,28,4,5,10,6,0.7000000000000001,0.1
129,9,CARD,14,10,32,38,49,28,4,5,10,6,0.7000000000000001,0.1
130,9,CLF_UNION,27,0,46,38,55,28,4,5,10,6,0.7000000000000001,0.1
131,9,ORD-UNION,0,0,0,38,9,28,4,5,10,6,0.7000000000000001,0.1
132,9,CARD,11,11,36,38,49,28,4,5,10,6,0.7000000000000001,0.1
133,9,CLF_UNION,24,0,50,38,55,28,4,5,10,6,0.7000000000000001,0.1
134,9,ORD-UNION,0,0,0,38,5,28,4,5,10,6,0.7000000000000001,0.1
135,10,CARD,18,2,28,45,60,28,4,5,10,6,0.7000000000000001,0.1
136,10,CLF_UNION,28,3,53,45,55,28,4,5,10,6,0.7000000000000001,0.1
137,10,ORD-UNION,0,0,0,45,2,28,4,5,10,6,0.7000000000000001,0.1
138,10,CARD,26,3,36,45,51,28,4,5,10,6,0.7000000000000001,0.1
139,10,CLF_UNION,28,3,52,45,55,28,4,5,10,6,0.7000000000000001,0.1
140,10,ORD-UNION,0,0,0,45,3,28,4,5,10,6,0.7000000000000001,0.1
141,10,CARD,31,2,37,45,52,28,4,5,10,6,0.7000000000000001,0.1
142,10,CLF_UNION,31,7,54,45,55,28,4,5,10,6,0.7000000000000001,0.1
143,10,ORD-UNION,0,0,0,45,1,28,4,5,10,6,0.7000000000000001,0.1
144,10,CARD,17,0,32,45,54,28,4,5,10,6,0.7000000000000001,0.1
145,10,CLF_UNION,19,0,52,45,56,28,4,5,10,6,0.7000000000000001,0.1
146,10,ORD-UNION,0,0,0,45,4,28,4,5,10,6,0.7000000000000001,0.1
147,10,CARD,15,6,30,45,56,28,4,5,10,6,0.7000000000000001,0.1
148,10,CLF_UNION,21,7,51,45,55,28,4,5,10,6,0.7000000000000001,0.1
149,10,ORD-UNION,0,0,0,45,4,28,4,5,10,6,0.7000000000000001,0.1
150,11,CARD,23,7,35,56,47,28,4,5,10,6,0.7000000000000001,0.1
151,11,CLF_UNION,22,8,49,56,57,28,4,5,10,6,0.7000000000000001,0.1
152,11,ORD-UNION,0,0,0,56,8,28,4,5,10,6,0.7000000000000001,0.1
153,11,CARD,29,1,36,56,49,28,4,5,10,6,0.7000000000000001,0.1
154,11,CLF_UNION,23,8,52,56,57,28,4,5,10,6,0.7000000000000001,0.1
155,11,ORD-UNION,0,0,0,56,5,28,4,5,10,6,0.7000000000000001,0.1
156,11,CARD,23,4,36,56,49,28,4,5,10,6,0.7000000000000001,0.1
157,11,CLF_UNION,20,8,51,56,56,28,4,5,10,6,0.7000000000000001,0.1
158,11,ORD-UNION,0,0,0,56,5,28,4,5,10,6,0.7000000000000001,0.1
159,11,CARD,19,2,30,56,47,28,4,5,10,6,0.7000000000000001,0.1
160,11,CLF_UNION,20,1,44,56,57,28,4,5,10,6,0.7000000000000001,0.1
161,11,ORD-UNION,0,0,0,56,13,28,4,5,10,6,0.7000000000000001,0.1
162,11,CARD,29,3,37,56,47,28,4,5,10,6,0.7000000000000001,0.1
163,11,CLF_UNION,27,6,49,56,55,28,4,5,10,6,0.7000000000000001,0.1
164,11,ORD-UNION,0,0,0,56,6,28,4,5,10,6,0.7000000000000001,0.1
165,12,CARD,11,0,18,64,61,28,4,5,10,6,0.7000000000000001,0.1
166,12,CLF_UNION,13,3,48,64,59,28,4,5,10,6,0.7000000000000001,0.1
167,12,ORD-UNION,0,0,0,64,11,28,4,5,10,6,0.7000000000000001,0.1
168,12,CARD,27,1,36,64,48,28,4,5,10,6,0.7000000000000001,0.1
169,12,CLF_UNION,29,1,49,64,55,28,4,5,10,6,0.7000000000000001,0.1
170,12,ORD-UNION,0,0,0,64,6,28,4,5,10,6,0.7000000000000001,0.1
171,12,CARD,26,5,39,64,49,28,4,5,10,6,0.7000000000000001,0.1
172,12,CLF_UNION,29,5,54,64,56,28,4,5,10,6,0.7000000000000001,0.1
173,12,ORD-UNION,0,0,0,64,2,28,4,5,10,6,0.7000000000000001,0.1
174,12,CARD,16,5,25,64,52,28,4,5,10,6,0.7000000000000001,0.1
175,12,CLF_UNION,17,7,44,64,57,28,4,5,10,6,0.7000000000000001,0.1
176,12,ORD-UNION,0,0,0,64,13,28,4,5,10,6,0.7000000000000001,0.1
177,12,CARD,21,8,38,64,49,28,4,5,10,6,0.7000000000000001,0.1
178,12,CLF_UNION,28,4,52,64,55,28,4,5,10,6,0.7000000000000001,0.1
179,12,ORD-UNION,0,0,0,64,3,28,4,5,10,6,0.7000000000000001,0.1
180,13,CARD,16,9,34,72,47,28,4,5,10,6,0.7000000000000001,0.1
181,13,CLF_UNION,17,9,46,72,55,28,4,5,10,6,0.7000000000000001,0.1
182,13,ORD-UNION,0,0,0,72,9,28,4,5,10,6,0.7000000000000001,0.1
183,13,CARD,24,4,35,72,46,28,4,5,10,6,0.7000000000000001,0.1
184,13,CLF_UNION,28,0,46,72,55,28,4,5,10,6,0.7000000000000001,0.1
185,13,ORD-UNION,0,0,0,72,9,28,4,5,10,6,0.7000000000000001,0.1
186,13,CARD,20,9,42,72,45,28,4,5,10,6,0.7000000000000001,0.1
187,13,CLF_UNION,29,0,52,72,55,28,4,5,10,6,0.7000000000000001,0.1
188,13,ORD-UNION,0,0,0,72,3,28,4,5,10,6,0.7000000000000001,0.1
189,13,CARD,14,15,40,72,49,28,4,5,10,6,0.7000000000000001,0.1
190,13,CLF_UNION,19,13,54,72,55,28,4,5,10,6,0.7000000000000001,0.1
191,13,ORD-UNION,0,0,0,72,1,28,4,5,10,6,0.7000000000000001,0.1
192,13,CARD,9,13,36,72,49,28,4,5,10,6,0.7000000000000001,0.1
193,13,CLF_UNION,14,10,50,72,55,28,4,5,10,6,0.7000000000000001,0.1
194,13,ORD-UNION,0,0,0,72,5,28,4,5,10,6,0.7000000000000001,0.1
195,14,CARD,13,6,28,85,50,28,4,5,10,6,0.7000000000000001,0.1
196,14,CLF_UNION,17,3,45,85,57,28,4,5,10,6,0.7000000000000001,0.1
197,14,ORD-UNION,0,0,0,85,12,28,4,5,10,6,0.7000000000000001,0.1
198,14,CARD,16,0,21,85,51,28,4,5,10,6,0.7000000000000001,0.1
199,14,CLF_UNION,18,0,38,85,56,28,4,5,10,6,0.7000000000000001,0.1
200,14,ORD-UNION,0,0,0,85,18,28,4,5,10,6,0.7000000000000001,0.1
201,14,CARD,12,14,37,85,49,28,4,5,10,6,0.7000000000000001,0.1
202,14,CLF_UNION,21,7,52,85,56,28,4,5,10,6,0.7000000000000001,0.1
203,14,ORD-UNION,0,0,0,85,4,28,4,5,10,6,0.7000000000000001,0.1
204,14,CARD,20,12,39,85,50,28,4,5,10,6,0.7000000000000001,0.1
205,14,CLF_UNION,30,5,54,85,55,28,4,5,10,6,0.7000000000000001,0.1
206,14,ORD-UNION,0,0,0,85,1,28,4,5,10,6,0.7000000000000001,0.1
207,14,CARD,13,11,35,85,47,28,4,5,10,6,0.7000000000000001,0.1
208,14,CLF_UNION,19,5,49,85,57,28,4,5,10,6,0.7000000000000001,0.1
209,14,ORD-UNION,0,0,0,85,8,28,4,5,10,6,0.7000000000000001,0.1
210,15,CARD,18,1,25,94,60,28,4,5,10,6,0.7000000000000001,0.1
211,15,CLF_UNION,24,0,53,94,58,28,4,5,10,6,0.7000000000000001,0.1
212,15,ORD-UNION,0,0,0,94,5,28,4,5,10,6,0.7000000000000001,0.1
213,15,CARD,16,9,35,94,55,28,4,5,10,6,0.7000000000000001,0.1
214,15,CLF_UNION,26,5,56,94,56,28,4,5,10,6,0.7000000000000001,0.1
215,15,ORD-UNION,0,0,0,94,0,28,4,5,10,6,0.7000000000000001,0.1
216,15,CARD,22,3,34,94,51,28,4,5,10,6,0.7000000000000001,0.1
217,15,CLF_UNION,28,0,50,94,55,28,4,5,10,6,0.7000000000000001,0.1
218,15,ORD-UNION,0,0,0,94,5,28,4,5,10,6,0.7000000000000001,0.1
219,15,CARD,24,0,30,94,52,28,4,5,10,6,0.7000000000000001,0.1
220,15,CLF_UNION,27,0,48,94,56,28,4,5,10,6,0.7000000000000001,0.1
221,15,ORD-UNION,0,0,0,94,8,28,4,5,10,6,0.7000000000000001,0.1
222,15,CARD,14,10,37,94,51,28,4,5,10,6,0.7000000000000001,0.1
223,15,CLF_UNION,19,8,53,94,55,28,4,5,10,6,0.7000000000000001,0.1
224,15,ORD-UNION,0,0,0,94,2,28,4,5,10,6,0.7000000000000001,0.1
225,16,CARD,25,5,38,108,46,28,4,5,10,6,0.7000000000000001,0.1
226,16,CLF_UNION,30,0,49,108,55,28,4,5,10,6,0.7000000000000001,0.1
227,16,ORD-UNION,0,0,0,108,6,28,4,5,10,6,0.7000000000000001,0.1
228,16,CARD,18,6,36,108,48,28,4,5,10,6,0.7000000000000001,0.1
229,16,CLF_UNION,26,1,49,108,55,28,4,5,10,6,0.7000000000000001,0.1
230,16,ORD-UNION,0,0,0,108,6,28,4,5,10,6,0.7000000000000001,0.1
231,16,CARD,8,4,24,108,52,28,4,5,10,6,0.7000000000000001,0.1
232,16,CLF_UNION,15,0,45,108,59,28,4,5,10,6,0.7000000000000001,0.1
233,16,ORD-UNION,0,0,0,108,14,28,4,5,10,6,0.7000000000000001,0.1
234,16,CARD,15,12,35,108,46,28,4,5,10,6,0.7000000000000001,0.1
235,16,CLF_UNION,19,8,47,108,56,28,4,5,10,6,0.7000000000000001,0.1
236,16,ORD-UNION,0,0,0,108,9,28,4,5,10,6,0.7000000000000001,0.1
237,16,CARD,22,5,38,108,47,28,4,5,10,6,0.7000000000000001,0.1
238,16,CLF_UNION,27,0,51,108,56,28,4,5,10,6,0.7000000000000001,0.1
239,16,ORD-UNION,0,0,0,108,5,28,4,5,10,6,0.7000000000000001,0.1
240,17,CARD,11,11,29,124,49,28,4,5,10,6,0.7000000000000001,0.1
241,17,CLF_UNION,18,5,46,124,58,28,4,5,10,6,0.7000000000000001,0.1
242,17,ORD-UNION,0,0,0,124,12,28,4,5,10,6,0.7000000000000001,0.1
243,17,CARD,14,11,32,124,49,28,4,5,10,6,0.7000000000000001,0.1
244,17,CLF_UNION,24,2,46,124,55,28,4,5,10,6,0.7000000000000001,0.1
245,17,ORD-UNION,0,0,0,124,9,28,4,5,10,6,0.7000000000000001,0.1
246,17,CARD,14,14,38,124,46,28,4,5,10,6,0.7000000000000001,0.1
247,17,CLF_UNION,28,1,49,124,55,28,4,5,10,6,0.7000000000000001,0.1
248,17,ORD-UNION,0,0,0,124,6,28,4,5,10,6,0.7000000000000001,0.1
249,17,CARD,7,5,16,124,48,28,4,5,10,6,0.7000000000000001,0.1
250,17,CLF_UNION,12,1,30,124,56,28,4,5,10,6,0.7000000000000001,0.1
251,17,ORD-UNION,0,0,0,124,26,28,4,5,10,6,0.7000000000000001,0.1
252,17,CARD,12,4,21,124,50,28,4,5,10,6,0.7000000000000001,0.1
253,17,CLF_UNION,16,1,37,124,56,28,4,5,10,6,0.7000000000000001,0.1
254,17,ORD-UNION,0,0,0,124,19,28,4,5,10,6,0.7000000000000001,0.1
255,18,CARD,8,0,9,139,54,28,4,5,10,6,0.7000000000000001,0.1
256,18,CLF_UNION,8,0,37,139,64,28,4,5,10,6,0.7000000000000001,0.1
257,18,ORD-UNION,0,0,0,139,27,28,4,5,10,6,0.7000000000000001,0.1
258,18,CARD,20,3,32,139,49,28,4,5,10,6,0.7000000000000001,0.1
259,18,CLF_UNION,23,1,47,139,56,28,4,5,10,6,0.7000000000000001,0.1
260,18,ORD-UNION,0,0,0,139,9,28,4,5,10,6,0.7000000000000001,0.1
261,18,CARD,13,3,28,139,50,28,4,5,10,6,0.7000000000000001,0.1
262,18,CLF_UNION,16,1,46,139,58,28,4,5,10,6,0.7000000000000001,0.1
263,18,ORD-UNION,0,0,0,139,12,28,4,5,10,6,0.7000000000000001,0.1
264,18,CARD,14,10,33,139,48,28,4,5,10,6,0.7000000000000001,0.1
265,18,CLF_UNION,20,6,47,139,56,28,4,5,10,6,0.7000000000000001,0.1
266,18,ORD-UNION,0,0,0,139,9,28,4,5,10,6,0.7000000000000001,0.1
267,18,CARD,21,6,41,139,48,28,4,5,10,6,0.7000000000000001,0.1
268,18,CLF_UNION,27,1,54,139,55,28,4,5,10,6,0.7000000000000001,0.1
269,18,ORD-UNION,0,0,0,139,1,28,4,5,10,6,0.7000000000000001,0.1
270,19,CARD,2,11,17,151,52,28,4,5,10,6,0.7000000000000001,0.1
271,19,CLF_UNION,11,2,40,151,61,28,4,5,10,6,0.7000000000000001,0.1
272,19,ORD-UNION,0,0,0,151,21,28,4,5,10,6,0.7000000000000001,0.1
273,19,CARD,15,8,33,151,48,28,4,5,10,6,0.7000000000000001,0.1
274,19,CLF_UNION,24,1,48,151,57,28,4,5,10,6,0.7000000000000001,0.1
275,19,ORD-UNION,0,0,0,151,9,28,4,5,10,6,0.7000000000000001,0.1
276,19,CARD,9,5,16,151,49,28,4,5,10,6,0.7000000000000001,0.1
277,19,CLF_UNION,12,2,32,151,57,28,4,5,10,6,0.7000000000000001,0.1
278,19,ORD-UNION,0,0,0,151,25,28,4,5,10,6,0.7000000000000001,0.1
279,19,CARD,11,7,21,151,50,28,4,5,10,6,0.7000000000000001,0.1
280,19,CLF_UNION,16,3,38,151,57,28,4,5,10,6,0.7000000000000001,0.1
281,19,ORD-UNION,0,0,0,151,19,28,4,5,10,6,0.7000000000000001,0.1
282,19,CARD,7,5,16,151,50,28,4,5,10,6,0.7000000000000001,0.1
283,19,CLF_UNION,11,2,32,151,56,28,4,5,10,6,0.7000000000000001,0.1
284,19,ORD-UNION,0,0,0,151,24,28,4,5,10,6,0.7000000000000001,0.1
285,20,CARD,18,0,21,168,54,28,4,5,10,6,0.7000000000000001,0.1
286,20,CLF_UNION,14,4,44,168,59,28,4,5,10,6,0.7000000000000001,0.1
287,20,ORD-UNION,0,0,0,168,15,28,4,5,10,6,0.7000000000000001,0.1
288,20,CARD,21,1,31,168,51,28,4,5,10,6,0.7000000000000001,0.1
289,20,CLF_UNION,14,9,49,168,57,28,4,5,10,6,0.7000000000000001,0.1
290,20,ORD-UNION,0,0,0,168,8,28,4,5,10,6,0.7000000000000001,0.1
291,20,CARD,22,2,30,168,56,28,4,5,10,6,0.7000000000000001,0.1
292,20,CLF_UNION,17,7,53,168,57,28,4,5,10,6,0.7000000000000001,0.1
293,20,ORD-UNION,0,0,0,168,4,28,4,5,10,6,0.7000000000000001,0.1
294,20,CARD,14,2,23,168,56,28,4,5,10,6,0.7000000000000001,0.1
295,20,CLF_UNION,15,1,48,168,59,28,4,5,10,6,0.7000000000000001,0.1
296,20,ORD-UNION,0,0,0,168,11,28,4,5,10,6,0.7000000000000001,0.1
297,20,CARD,3,0,5,168,56,28,4,5,10,6,0.7000000000000001,0.1
298,20,CLF_UNION,7,0,30,168,59,28,4,5,10,6,0.7000000000000001,0.1
299,20,ORD-UNION,0,0,0,168,29,28,4,5,10,6,0.7000000000000001,0.1
300,21,CARD,9,7,21,185,51,28,4,5,10,6,0.7000000000000001,0.1
301,21,CLF_UNION,15,1,37,185,55,28,4,5,10,6,0.7000000000000001,0.1
302,21,ORD-UNION,0,0,0,185,18,28,4,5,10,6,0.7000000000000001,0.1
303,21,CARD,11,6,24,185,48,28,4,5,10,6,0.7000000000000001,0.1
304,21,CLF_UNION,17,0,37,185,55,28,4,5,10,6,0.7000000000000001,0.1
305,21,ORD-UNION,0,0,0,185,18,28,4,5,10,6,0.7000000000000001,0.1
306,21,CARD,8,0,12,185,52,28,4,5,10,6,0.7000000000000001,0.1
307,21,CLF_UNION,8,0,31,185,57,28,4,5,10,6,0.7000000000000001,0.1
308,21,ORD-UNION,0,0,0,185,26,28,4,5,10,6,0.7000000000000001,0.1
309,21,CARD,13,6,24,185,47,28,4,5,10,6,0.7000000000000001,0.1
310,21,CLF_UNION,16,4,37,185,56,28,4,5,10,6,0.7000000000000001,0.1
311,21,ORD-UNION,0,0,0,185,19,28,4,5,10,6,0.7000000000000001,0.1
312,21,CARD,10,0,18,185,50,28,4,5,10,6,0.7000000000000001,0.1
313,21,CLF_UNION,10,0,36,185,58,28,4,5,10,6,0.7000000000000001,0.1
314,21,ORD-UNION,0,0,0,185,22,28,4,5,10,6,0.7000000000000001,0.1
315,22,CARD,21,2,28,199,49,28,4,5,10,6,0.7000000000000001,0.1
316,22,CLF_UNION,21,4,42,199,55,28,4,5,10,6,0.7000000000000001,0.1
317,22,ORD-UNION,0,0,0,199,13,28,4,5,10,6,0.7000000000000001,0.1
318,22,CARD,11,1,19,199,47,28,4,5,10,6,0.7000000000000001,0.1
319,22,CLF_UNION,12,0,31,199,55,28,4,5,10,6,0.7000000000000001,0.1
320,22,ORD-UNION,0,0,0,199,24,28,4,5,10,6,0.7000000000000001,0.1
321,22,CARD,12,0,15,199,52,28,4,5,10,6,0.7000000000000001,0.1
322,22,CLF_UNION,12,2,33,199,56,28,4,5,10,6,0.7000000000000001,0.1
323,22,ORD-UNION,0,0,0,199,23,28,4,5,10,6,0.7000000000000001,0.1
324,22,CARD,18,2,28,199,49,28,4,5,10,6,0.7000000000000001,0.1
325,22,CLF_UNION,22,0,43,199,56,28,4,5,10,6,0.7000000000000001,0.1
326,22,ORD-UNION,0,0,0,199,13,28,4,5,10,6,0.7000000000000001,0.1
327,22,CARD,13,2,25,199,48,28,4,5,10,6,0.7000000000000001,0.1
328,22,CLF_UNION,14,1,40,199,57,28,4,5,10,6,0.7000000000000001,0.1
329,22,ORD-UNION,0,0,0,199,17,28,4,5,10,6,0.7000000000000001,0.1
330,23,CARD,18,2,28,213,51,28,4,5,10,6,0.7000000000000001,0.1
331,23,CLF_UNION,13,8,45,213,56,28,4,5,10,6,0.7000000000000001,0.1
332,23,ORD-UNION,0,0,0,213,11,28,4,5,10,6,0.7000000000000001,0.1
333,23,CARD,17,1,29,213,50,28,4,5,10,6,0.7000000000000001,0.1
334,23,CLF_UNION,15,5,45,213,56,28,4,5,10,6,0.7000000000000001,0.1
335,23,ORD-UNION,0,0,0,213,11,28,4,5,10,6,0.7000000000000001,0.1
336,23,CARD,0,0,6,213,51,28,4,5,10,6,0.7000000000000001,0.1
337,23,CLF_UNION,0,0,23,213,56,28,4,5,10,6,0.7000000000000001,0.1
338,23,ORD-UNION,0,0,0,213,33,28,4,5,10,6,0.7000000000000001,0.1
339,23,CARD,10,0,17,213,52,28,4,5,10,6,0.7000000000000001,0.1
340,23,CLF_UNION,11,0,35,213,56,28,4,5,10,6,0.7000000000000001,0.1
341,23,ORD-UNION,0,0,0,213,21,28,4,5,10,6,0.7000000000000001,0.1
342,23,CARD,7,2,22,213,51,28,4,5,10,6,0.7000000000000001,0.1
343,23,CLF_UNION,10,0,42,213,59,28,4,5,10,6,0.7000000000000001,0.1
344,23,ORD-UNION,0,0,0,213,17,28,4,5,10,6,0.7000000000000001,0.1
345,24,CARD,6,0,9,232,52,28,4,5,10,6,0.7000000000000001,0.1
346,24,CLF_UNION,6,0,27,232,56,28,4,5,10,6,0.7000000000000001,0.1
347,24,ORD-UNION,0,0,0,232,29,28,4,5,10,6,0.7000000000000001,0.1
348,24,CARD,7,0,9,232,53,28,4,5,10,6,0.7000000000000001,0.1
349,24,CLF_UNION,7,0,29,232,57,28,4,5,10,6,0.7000000000000001,0.1
350,24,ORD-UNION,0,0,0,232,28,28,4,5,10,6,0.7000000000000001,0.1
351,24,CARD,4,0,9,232,55,28,4,5,10,6,0.7000000000000001,0.1
352,24,CLF_UNION,4,1,33,232,59,28,4,5,10,6,0.7000000000000001,0.1
353,24,ORD-UNION,0,0,0,232,26,28,4,5,10,6,0.7000000000000001,0.1
354,24,CARD,7,0,16,232,55,28,4,5,10,6,0.7000000000000001,0.1
355,24,CLF_UNION,8,0,37,232,56,28,4,5,10,6,0.7000000000000001,0.1
356,24,ORD-UNION,0,0,0,232,19,28,4,5,10,6,0.7000000000000001,0.1
357,24,CARD,15,0,23,232,50,28,4,5,10,6,0.7000000000000001,0.1
358,24,CLF_UNION,14,2,40,232,57,28,4,5,10,6,0.7000000000000001,0.1
359,24,ORD-UNION,0,0,0,232,17,28,4,5,10,6,0.7000000000000001,0.1
360,1,CARD,12,8,24,1,66,28,4,5,10,6,0.7000000000000001,0.1
361,1,CLF_UNION,31,14,65,1,65,28,4,5,10,6,0.7000000000000001,0.1
362,1,ORD-UNION,0,0,0,1,0,28,4,5,10,6,0.7000000000000001,0.1
363,1,CARD,0,21,21,1,69,28,4,5,10,6,0.7000000000000001,0.1
364,1,CLF_UNION,12,31,67,1,67,28,4,5,10,6,0.7000000000000001,0.1
365,1,ORD-UNION,0,0,0,1,0,28,4,5,10,6,0.7000000000000001,0.1
366,1,CARD,11,6,24,1,66,28,4,5,10,6,0.7000000000000001,0.1
367,1,CLF_UNION,26,14,64,1,64,28,4,5,10,6,0.7000000000000001,0.1
368,1,ORD-UNION,0,0,0,1,0,28,4,5,10,6,0.7000000000000001,0.1
369,1,CARD,9,8,21,1,69,28,4,5,10,6,0.7000000000000001,0.1
370,1,CLF_UNION,28,23,71,1,71,28,4,5,10,6,0.7000000000000001,0.1
371,1,ORD-UNION,0,0,0,1,0,28,4,5,10,6,0.7000000000000001,0.1
372,1,CARD,17,4,25,1,65,28,4,5,10,6,0.7000000000000001,0.1
373,1,CLF_UNION,28,19,64,1,64,28,4,5,10,6,0.7000000000000001,0.1
374,1,ORD-UNION,0,0,0,1,0,28,4,5,10,6,0.7000000000000001,0.1
375,2,CARD,16,12,36,3,54,28,4,5,10,6,0.7000000000000001,0.1
376,2,CLF_UNION,25,18,64,3,64,28,4,5,10,6,0.7000000000000001,0.1
377,2,ORD-UNION,0,0,0,3,0,28,4,5,10,6,0.7000000000000001,0.1
378,2,CARD,19,12,35,3,55,28,4,5,10,6,0.7000000000000001,0.1
379,2,CLF_UNION,33,14,63,3,63,28,4,5,10,6,0.7000000000000001,0.1
380,2,ORD-UNION,0,0,0,3,0,28,4,5,10,6,0.7000000000000001,0.1
381,2,CARD,17,4,34,3,55,28,4,5,10,6,0.7000000000000001,0.1
382,2,CLF_UNION,16,13,61,3,62,28,4,5,10,6,0.7000000000000001,0.1
383,2,ORD-UNION,0,0,0,3,1,28,4,5,10,6,0.7000000000000001,0.1
384,2,CARD,10,13,35,3,55,28,4,5,10,6,0.7000000000000001,0.1
385,2,CLF_UNION,19,16,65,3,65,28,4,5,10,6,0.7000000000000001,0.1
386,2,ORD-UNION,0,0,0,3,0,28,4,5,10,6,0.7000000000000001,0.1
387,2,CARD,12,15,35,3,55,28,4,5,10,6,0.7000000000000001,0.1
388,2,CLF_UNION,22,17,62,3,62,28,4,5,10,6,0.7000000000000001,0.1
389,2,ORD-UNION,0,0,0,3,0,28,4,5,10,6,0.7000000000000001,0.1
390,3,CARD,8,9,32,6,58,28,4,5,10,6,0.7000000000000001,0.1
391,3,CLF_UNION,17,9,59,6,59,28,4,5,10,6,0.7000000000000001,0.1
392,3,ORD-UNION,0,0,0,6,0,28,4,5,10,6,0.7000000000000001,0.1
393,3,CARD,4,32,41,6,49,28,4,5,10,6,0.7000000000000001,0.1
394,3,CLF_UNION,18,23,57,6,57,28,4,5,10,6,0.7000000000000001,0.1
395,3,ORD-UNION,0,0,0,6,0,28,4,5,10,6,0.7000000000000001,0.1
396,3,CARD,20,14,38,6,51,28,4,5,10,6,0.7000000000000001,0.1
397,3,CLF_UNION,27,14,55,6,56,28,4,5,10,6,0.7000000000000001,0.1
398,3,ORD-UNION,0,0,0,6,1,28,4,5,10,6,0.7000000000000001,0.1
399,3,CARD,11,23,40,6,50,28,4,5,10,6,0.7000000000000001,0.1
400,3,CLF_UNION,24,17,59,6,59,28,4,5,10,6,0.7000000000000001,0.1
401,3,ORD-UNION,0,0,0,6,0,28,4,5,10,6,0.7000000000000001,0.1
402,3,CARD,16,16,37,6,52,28,4,5,10,6,0.7000000000000001,0.1
403,3,CLF_UNION,21,19,55,6,56,28,4,5,10,6,0.7000000000000001,0.1
404,3,ORD-UNION,0,0,0,6,1,28,4,5,10,6,0.7000000000000001,0.1
405,4,CARD,12,15,39,10,50,28,4,5,10,6,0.7000000000000001,0.1
406,4,CLF_UNION,23,8,55,10,56,28,4,5,10,6,0.7000000000000001,0.1
407,4,ORD-UNION,0,0,0,10,1,28,4,5,10,6,0.7000000000000001,0.1
408,4,CARD,13,21,41,10,49,28,4,5,10,6,0.7000000000000001,0.1
409,4,CLF_UNION,19,19,55,10,55,28,4,5,10,6,0.7000000000000001,0.1
410,4,ORD-UNION,0,0,0,10,0,28,4,5,10,6,0.7000000000000001,0.1
411,4,CARD,18,12,38,10,49,28,4,5,10,6,0.7000000000000001,0.1
412,4,CLF_UNION,24,9,52,10,55,28,4,5,10,6,0.7000000000000001,0.1
413,4,ORD-UNION,0,0,0,10,3,28,4,5,10,6,0.7000000000000001,0.1
414,4,CARD,16,12,42,10,48,28,4,5,10,6,0.7000000000000001,0.1
415,4,CLF_UNION,24,6,57,10,57,28,4,5,10,6,0.7000000000000001,0.1
416,4,ORD-UNION,0,0,0,10,0,28,4,5,10,6,0.7000000000000001,0.1
417,4,CARD,15,23,41,10,48,28,4,5,10,6,0.7000000000000001,0.1
418,4,CLF_UNION,23,16,54,10,55,28,4,5,10,6,0.7000000000000001,0.1
419,4,ORD-UNION,0,0,0,10,1,28,4,5,10,6,0.7000000000000001,0.1
420,5,CARD,22,8,36,14,48,28,4,5,10,6,0.7000000000000001,0.1
421,5,CLF_UNION,18,14,49,14,55,28,4,5,10,6,0.7000000000000001,0.1
422,5,ORD-UNION,0,0,0,14,6,28,4,5,10,6,0.7000000000000001,0.1
423,5,CARD,28,3,41,14,48,28,4,5,10,6,0.7000000000000001,0.1
424,5,CLF_UNION,30,4,54,14,55,28,4,5,10,6,0.7000000000000001,0.1
425,5,ORD-UNION,0,0,0,14,1,28,4,5,10,6,0.7000000000000001,0.1
426,5,CARD,21,11,38,14,49,28,4,5,10,6,0.7000000000000001,0.1
427,5,CLF_UNION,17,18,52,14,55,28,4,5,10,6,0.7000000000000001,0.1
428,5,ORD-UNION,0,0,0,14,3,28,4,5,10,6,0.7000000000000001,0.1
429,5,CARD,20,16,43,14,47,28,4,5,10,6,0.7000000000000001,0.1
430,5,CLF_UNION,15,23,55,14,55,28,4,5,10,6,0.7000000000000001,0.1
431,5,ORD-UNION,0,0,0,14,0,28,4,5,10,6,0.7000000000000001,0.1
432,5,CARD,22,1,37,14,48,28,4,5,10,6,0.7000000000000001,0.1
433,5,CLF_UNION,21,3,50,14,55,28,4,5,10,6,0.7000000000000001,0.1
434,5,ORD-UNION,0,0,0,14,5,28,4,5,10,6,0.7000000000000001,0.1
435,6,CARD,25,5,34,18,54,28,4,5,10,6,0.7000000000000001,0.1
436,6,CLF_UNION,22,14,54,18,56,28,4,5,10,6,0.7000000000000001,0.1
437,6,ORD-UNION,0,0,0,18,2,28,4,5,10,6,0.7000000000000001,0.1
438,6,CARD,26,3,40,18,50,28,4,5,10,6,0.7000000000000001,0.1
439,6,CLF_UNION,23,9,55,18,55,28,4,5,10,6,0.7000000000000001,0.1
440,6,ORD-UNION,0,0,0,18,0,28,4,5,10,6,0.7000000000000001,0.1
441,6,CARD,23,2,34,18,54,28,4,5,10,6,0.7000000000000001,0.1
442,6,CLF_UNION,18,11,54,18,56,28,4,5,10,6,0.7000000000000001,0.1
443,6,ORD-UNION,0,0,0,18,2,28,4,5,10,6,0.7000000000000001,0.1
444,6,CARD,29,5,41,18,48,28,4,5,10,6,0.7000000000000001,0.1
445,6,CLF_UNION,30,6,54,18,55,28,4,5,10,6,0.7000000000000001,0.1
446,6,ORD-UNION,0,0,0,18,1,28,4,5,10,6,0.7000000000000001,0.1
447,6,CARD,28,6,37,18,48,28,4,5,10,6,0.7000000000000001,0.1
448,6,CLF_UNION,19,17,51,18,56,28,4,5,10,6,0.7000000000000001,0.1
449,6,ORD-UNION,0,0,0,18,5,28,4,5,10,6,0.7000000000000001,0.1
450,7,CARD,10,18,38,25,52,28,4,5,10,6,0.7000000000000001,0.1
451,7,CLF_UNION,18,16,55,25,55,28,4,5,10,6,0.7000000000000001,0.1
452,7,ORD-UNION,0,0,0,25,0,28,4,5,10,6,0.7000000000000001,0.1
453,7,CARD,24,9,39,25,51,28,4,5,10,6,0.7000000000000001,0.1
454,7,CLF_UNION,29,9,55,25,55,28,4,5,10,6,0.7000000000000001,0.1
455,7,ORD-UNION,0,0,0,25,0,28,4,5,10,6,0.7000000000000001,0.1
456,7,CARD,13,12,40,25,50,28,4,5,10,6,0.7000000000000001,0.1
457,7,CLF_UNION,20,9,55,25,55,28,4,5,10,6,0.7000000000000001,0.1
458,7,ORD-UNION,0,0,0,25,0,28,4,5,10,6,0.7000000000000001,0.1
459,7,CARD,20,9,35,25,54,28,4,5,10,6,0.7000000000000001,0.1
460,7,CLF_UNION,29,7,54,25,55,28,4,5,10,6,0.7000000000000001,0.1
461,7,ORD-UNION,0,0,0,25,1,28,4,5,10,6,0.7000000000000001,0.1
462,7,CARD,25,7,36,25,51,28,4,5,10,6,0.7000000000000001,0.1
463,7,CLF_UNION,29,8,52,25,55,28,4,5,10,6,0.7000000000000001,0.1
464,7,ORD-UNION,0,0,0,25,3,28,4,5,10,6,0.7000000000000001,0.1
465,8,CARD,25,8,44,30,45,28,4,5,10,6,0.7000000000000001,0.1
466,8,CLF_UNION,27,6,54,30,55,28,4,5,10,6,0.7000000000000001,0.1
467,8,ORD-UNION,0,0,0,30,1,28,4,5,10,6,0.7000000000000001,0.1
468,8,CARD,26,4,41,30,46,28,4,5,10,6,0.7000000000000001,0.1
469,8,CLF_UNION,30,0,52,30,55,28,4,5,10,6,0.7000000000000001,0.1
470,8,ORD-UNION,0,0,0,30,3,28,4,5,10,6,0.7000000000000001,0.1
471,8,CARD,23,11,36,30,49,28,4,5,10,6,0.7000000000000001,0.1
472,8,CLF_UNION,21,15,50,30,55,28,4,5,10,6,0.7000000000000001,0.1
473,8,ORD-UNION,0,0,0,30,5,28,4,5,10,6,0.7000000000000001,0.1
474,8,CARD,21,6,39,30,46,28,4,5,10,6,0.7000000000000001,0.1
475,8,CLF_UNION,22,5,50,30,55,28,4,5,10,6,0.7000000000000001,0.1
476,8,ORD-UNION,0,0,0,30,5,28,4,5,10,6,0.7000000000000001,0.1
477,8,CARD,31,2,39,30,48,28,4,5,10,6,0.7000000000000001,0.1
478,8,CLF_UNION,29,6,52,30,55,28,4,5,10,6,0.7000000000000001,0.1
479,8,ORD-UNION,0,0,0,30,3,28,4,5,10,6,0.7000000000000001,0.1
480,9,CARD,10,15,33,38,52,28,4,5,10,6,0.7000000000000001,0.1
481,9,CLF_UNION,27,4,50,38,55,28,4,5,10,6,0.7000000000000001,0.1
482,9,ORD-UNION,0,0,0,38,5,28,4,5,10,6,0.7000000000000001,0.1
483,9,CARD,19,14,40,38,50,28,4,5,10,6,0.7000000000000001,0.1
484,9,CLF_UNION,29,9,55,38,55,28,4,5,10,6,0.7000000000000001,0.1
485,9,ORD-UNION,0,0,0,38,0,28,4,5,10,6,0.7000000000000001,0.1
486,9,CARD,16,16,36,38,48,28,4,5,10,6,0.7000000000000001,0.1
487,9,CLF_UNION,25,9,49,38,55,28,4,5,10,6,0.7000000000000001,0.1
488,9,ORD-UNION,0,0,0,38,6,28,4,5,10,6,0.7000000000000001,0.1
489,9,CARD,12,16,32,38,49,28,4,5,10,6,0.7000000000000001,0.1
490,9,CLF_UNION,25,6,46,38,55,28,4,5,10,6,0.7000000000000001,0.1
491,9,ORD-UNION,0,0,0,38,9,28,4,5,10,6,0.7000000000000001,0.1
492,9,CARD,9,22,36,38,49,28,4,5,10,6,0.7000000000000001,0.1
493,9,CLF_UNION,20,14,50,38,55,28,4,5,10,6,0.7000000000000001,0.1
494,9,ORD-UNION,0,0,0,38,5,28,4,5,10,6,0.7000000000000001,0.1
495,10,CARD,18,14,37,48,47,28,4,5,10,6,0.7000000000000001,0.1
496,10,CLF_UNION,23,11,49,48,55,28,4,5,10,6,0.7000000000000001,0.1
497,10,ORD-UNION,0,0,0,48,6,28,4,5,10,6,0.7000000000000001,0.1
498,10,CARD,9,22,34,48,47,28,4,5,10,6,0.7000000000000001,0.1
499,10,CLF_UNION,21,10,47,48,56,28,4,5,10,6,0.7000000000000001,0.1
500,10,ORD-UNION,0,0,0,48,9,28,4,5,10,6,0.7000000000000001,0.1
501,10,CARD,15,14,38,48,47,28,4,5,10,6,0.7000000000000001,0.1
502,10,CLF_UNION,23,7,50,48,55,28,4,5,10,6,0.7000000000000001,0.1
503,10,ORD-UNION,0,0,0,48,5,28,4,5,10,6,0.7000000000000001,0.1
504,10,CARD,15,20,43,48,47,28,4,5,10,6,0.7000000000000001,0.1
505,10,CLF_UNION,23,14,56,48,56,28,4,5,10,6,0.7000000000000001,0.1
506,10,ORD-UNION,0,0,0,48,0,28,4,5,10,6,0.7000000000000001,0.1
507,10,CARD,8,20,30,48,48,28,4,5,10,6,0.7000000000000001,0.1
508,10,CLF_UNION,19,9,43,48,55,28,4,5,10,6,0.7000000000000001,0.1
509,10,ORD-UNION,0,0,0,48,12,28,4,5,10,6,0.7000000000000001,0.1
510,11,CARD,14,10,34,55,47,28,4,5,10,6,0.7000000000000001,0.1
511,11,CLF_UNION,24,1,46,55,55,28,4,5,10,6,0.7000000000000001,0.1
512,11,ORD-UNION,0,0,0,55,9,28,4,5,10,6,0.7000000000000001,0.1
513,11,CARD,13,12,36,55,49,28,4,5,10,6,0.7000000000000001,0.1
514,11,CLF_UNION,15,12,50,55,55,28,4,5,10,6,0.7000000000000001,0.1
515,11,ORD-UNION,0,0,0,55,5,28,4,5,10,6,0.7000000000000001,0.1
516,11,CARD,8,18,34,55,54,28,4,5,10,6,0.7000000000000001,0.1
517,11,CLF_UNION,18,14,53,55,55,28,4,5,10,6,0.7000000000000001,0.1
518,11,ORD-UNION,0,0,0,55,2,28,4,5,10,6,0.7000000000000001,0.1
519,11,CARD,13,13,38,55,47,28,4,5,10,6,0.7000000000000001,0.1
520,11,CLF_UNION,19,8,50,55,55,28,4,5,10,6,0.7000000000000001,0.1
521,11,ORD-UNION,0,0,0,55,5,28,4,5,10,6,0.7000000000000001,0.1
522,11,CARD,21,5,37,55,50,28,4,5,10,6,0.7000000000000001,0.1
523,11,CLF_UNION,29,2,52,55,55,28,4,5,10,6,0.7000000000000001,0.1
524,11,ORD-UNION,0,0,0,55,3,28,4,5,10,6,0.7000000000000001,0.1
525,12,CARD,17,12,41,62,49,28,4,5,10,6,0.7000000000000001,0.1
526,12,CLF_UNION,20,12,55,62,55,28,4,5,10,6,0.7000000000000001,0.1
527,12,ORD-UNION,0,0,0,62,0,28,4,5,10,6,0.7000000000000001,0.1
528,12,CARD,23,10,37,62,47,28,4,5,10,6,0.7000000000000001,0.1
529,12,CLF_UNION,31,4,49,62,55,28,4,5,10,6,0.7000000000000001,0.1
530,12,ORD-UNION,0,0,0,62,6,28,4,5,10,6,0.7000000000000001,0.1
531,12,CARD,11,22,37,62,47,28,4,5,10,6,0.7000000000000001,0.1
532,12,CLF_UNION,19,16,49,62,55,28,4,5,10,6,0.7000000000000001,0.1
533,12,ORD-UNION,0,0,0,62,6,28,4,5,10,6,0.7000000000000001,0.1
534,12,CARD,12,20,36,62,51,28,4,5,10,6,0.7000000000000001,0.1
535,12,CLF_UNION,28,9,52,62,55,28,4,5,10,6,0.7000000000000001,0.1
536,12,ORD-UNION,0,0,0,62,3,28,4,5,10,6,0.7000000000000001,0.1
537,12,CARD,16,15,39,62,45,28,4,5,10,6,0.7000000000000001,0.1
538,12,CLF_UNION,25,6,49,62,55,28,4,5,10,6,0.7000000000000001,0.1
539,12,ORD-UNION,0,0,0,62,6,28,4,5,10,6,0.7000000000000001,0.1
540,13,CARD,18,12,33,74,48,28,4,5,10,6,0.7000000000000001,0.1
541,13,CLF_UNION,22,10,46,74,55,28,4,5,10,6,0.7000000000000001,0.1
542,13,ORD-UNION,0,0,0,74,9,28,4,5,10,6,0.7000000000000001,0.1
543,13,CARD,19,4,27,74,49,28,4,5,10,6,0.7000000000000001,0.1
544,13,CLF_UNION,20,6,41,74,55,28,4,5,10,6,0.7000000000000001,0.1
545,13,ORD-UNION,0,0,0,74,14,28,4,5,10,6,0.7000000000000001,0.1
546,13,CARD,18,8,28,74,49,28,4,5,10,6,0.7000000000000001,0.1
547,13,CLF_UNION,21,5,42,74,55,28,4,5,10,6,0.7000000000000001,0.1
548,13,ORD-UNION,0,0,0,74,13,28,4,5,10,6,0.7000000000000001,0.1
549,13,CARD,9,7,22,74,49,28,4,5,10,6,0.7000000000000001,0.1
550,13,CLF_UNION,10,8,36,74,55,28,4,5,10,6,0.7000000000000001,0.1
551,13,ORD-UNION,0,0,0,74,19,28,4,5,10,6,0.7000000000000001,0.1
552,13,CARD,23,3,36,74,51,28,4,5,10,6,0.7000000000000001,0.1
553,13,CLF_UNION,23,3,52,74,55,28,4,5,10,6,0.7000000000000001,0.1
554,13,ORD-UNION,0,0,0,74,3,28,4,5,10,6,0.7000000000000001,0.1
555,14,CARD,27,7,40,82,49,28,4,5,10,6,0.7000000000000001,0.1
556,14,CLF_UNION,30,7,54,82,55,28,4,5,10,6,0.7000000000000001,0.1
557,14,ORD-UNION,0,0,0,82,1,28,4,5,10,6,0.7000000000000001,0.1
558,14,CARD,24,7,35,82,45,28,4,5,10,6,0.7000000000000001,0.1
559,14,CLF_UNION,23,8,45,82,55,28,4,5,10,6,0.7000000000000001,0.1
560,14,ORD-UNION,0,0,0,82,10,28,4,5,10,6,0.7000000000000001,0.1
561,14,CARD,22,2,28,82,53,28,4,5,10,6,0.7000000000000001,0.1
562,14,CLF_UNION,25,0,46,82,55,28,4,5,10,6,0.7000000000000001,0.1
563,14,ORD-UNION,0,0,0,82,9,28,4,5,10,6,0.7000000000000001,0.1
564,14,CARD,22,8,35,82,47,28,4,5,10,6,0.7000000000000001,0.1
565,14,CLF_UNION,29,1,47,82,55,28,4,5,10,6,0.7000000000000001,0.1
566,14,ORD-UNION,0,0,0,82,8,28,4,5,10,6,0.7000000000000001,0.1
567,14,CARD,27,4,37,82,50,28,4,5,10,6,0.7000000000000001,0.1
568,14,CLF_UNION,26,9,52,82,55,28,4,5,10,6,0.7000000000000001,0.1
569,14,ORD-UNION,0,0,0,82,3,28,4,5,10,6,0.7000000000000001,0.1
570,15,CARD,23,1,32,90,51,28,4,5,10,6,0.7000000000000001,0.1
571,15,CLF_UNION,22,4,48,90,55,28,4,5,10,6,0.7000000000000001,0.1
572,15,ORD-UNION,0,0,0,90,7,28,4,5,10,6,0.7000000000000001,0.1
573,15,CARD,15,5,24,90,46,28,4,5,10,6,0.7000000000000001,0.1
574,15,CLF_UNION,18,2,35,90,55,28,4,5,10,6,0.7000000000000001,0.1
575,15,ORD-UNION,0,0,0,90,20,28,4,5,10,6,0.7000000000000001,0.1
576,15,CARD,14,6,23,90,56,28,4,5,10,6,0.7000000000000001,0.1
577,15,CLF_UNION,18,3,45,90,56,28,4,5,10,6,0.7000000000000001,0.1
578,15,ORD-UNION,0,0,0,90,11,28,4,5,10,6,0.7000000000000001,0.1
579,15,CARD,17,1,23,90,56,28,4,5,10,6,0.7000000000000001,0.1
580,15,CLF_UNION,18,0,45,90,56,28,4,5,10,6,0.7000000000000001,0.1
581,15,ORD-UNION,0,0,0,90,11,28,4,5,10,6,0.7000000000000001,0.1
582,15,CARD,7,7,17,90,51,28,4,5,10,6,0.7000000000000001,0.1
583,15,CLF_UNION,14,0,34,90,56,28,4,5,10,6,0.7000000000000001,0.1
584,15,ORD-UNION,0,0,0,90,22,28,4,5,10,6,0.7000000000000001,0.1
585,16,CARD,11,8,23,98,48,28,4,5,10,6,0.7000000000000001,0.1
586,16,CLF_UNION,20,0,38,98,57,28,4,5,10,6,0.7000000000000001,0.1
587,16,ORD-UNION,0,0,0,98,19,28,4,5,10,6,0.7000000000000001,0.1
588,16,CARD,17,7,27,98,49,28,4,5,10,6,0.7000000000000001,0.1
589,16,CLF_UNION,24,2,41,98,55,28,4,5,10,6,0.7000000000000001,0.1
590,16,ORD-UNION,0,0,0,98,14,28,4,5,10,6,0.7000000000000001,0.1
591,16,CARD,9,10,23,98,49,28,4,5,10,6,0.7000000000000001,0.1
592,16,CLF_UNION,12,8,40,98,58,28,4,5,10,6,0.7000000000000001,0.1
593,16,ORD-UNION,0,0,0,98,18,28,4,5,10,6,0.7000000000000001,0.1
594,16,CARD,25,3,38,98,52,28,4,5,10,6,0.7000000000000001,0.1
595,16,CLF_UNION,26,5,55,98,55,28,4,5,10,6,0.7000000000000001,0.1
596,16,ORD-UNION,0,0,0,98,0,28,4,5,10,6,0.7000000000000001,0.1
597,16,CARD,19,8,35,98,50,28,4,5,10,6,0.7000000000000001,0.1
598,16,CLF_UNION,28,1,50,98,55,28,4,5,10,6,0.7000000000000001,0.1
599,16,ORD-UNION,0,0,0,98,5,28,4,5,10,6,0.7000000000000001,0.1
600,17,CARD,19,2,24,114,51,28,4,5,10,6,0.7000000000000001,0.1
601,17,CLF_UNION,18,3,40,114,55,28,4,5,10,6,0.7000000000000001,0.1
602,17,ORD-UNION,0,0,0,114,15,28,4,5,10,6,0.7000000000000001,0.1
603,17,CARD,21,5,29,114,49,28,4,5,10,6,0.7000000000000001,0.1
604,17,CLF_UNION,23,4,43,114,55,28,4,5,10,6,0.7000000000000001,0.1
605,17,ORD-UNION,0,0,0,114,12,28,4,5,10,6,0.7000000000000001,0.1
606,17,CARD,16,11,31,114,52,28,4,5,10,6,0.7000000000000001,0.1
607,17,CLF_UNION,17,14,48,114,55,28,4,5,10,6,0.7000000000000001,0.1
608,17,ORD-UNION,0,0,0,114,7,28,4,5,10,6,0.7000000000000001,0.1
609,17,CARD,21,5,32,114,49,28,4,5,10,6,0.7000000000000001,0.1
610,17,CLF_UNION,23,6,46,114,55,28,4,5,10,6,0.7000000000000001,0.1
611,17,ORD-UNION,0,0,0,114,9,28,4,5,10,6,0.7000000000000001,0.1
612,17,CARD,17,5,24,114,47,28,4,5,10,6,0.7000000000000001,0.1
613,17,CLF_UNION,20,2,37,114,56,28,4,5,10,6,0.7000000000000001,0.1
614,17,ORD-UNION,0,0,0,114,19,28,4,5,10,6,0.7000000000000001,0.1
615,18,CARD,15,10,27,123,52,28,4,5,10,6,0.7000000000000001,0.1
616,18,CLF_UNION,26,2,45,123,56,28,4,5,10,6,0.7000000000000001,0.1
617,18,ORD-UNION,0,0,0,123,11,28,4,5,10,6,0.7000000000000001,0.1
618,18,CARD,14,16,34,123,48,28,4,5,10,6,0.7000000000000001,0.1
619,18,CLF_UNION,22,9,47,123,55,28,4,5,10,6,0.7000000000000001,0.1
620,18,ORD-UNION,0,0,0,123,8,28,4,5,10,6,0.7000000000000001,0.1
621,18,CARD,23,3,30,123,48,28,4,5,10,6,0.7000000000000001,0.1
622,18,CLF_UNION,23,3,43,123,55,28,4,5,10,6,0.7000000000000001,0.1
623,18,ORD-UNION,0,0,0,123,12,28,4,5,10,6,0.7000000000000001,0.1
624,18,CARD,14,10,27,123,51,28,4,5,10,6,0.7000000000000001,0.1
625,18,CLF_UNION,24,3,44,123,56,28,4,5,10,6,0.7000000000000001,0.1
626,18,ORD-UNION,0,0,0,123,12,28,4,5,10,6,0.7000000000000001,0.1
627,18,CARD,15,8,27,123,51,28,4,5,10,6,0.7000000000000001,0.1
628,18,CLF_UNION,22,1,44,123,56,28,4,5,10,6,0.7000000000000001,0.1
629,18,ORD-UNION,0,0,0,123,12,28,4,5,10,6,0.7000000000000001,0.1
630,19,CARD,22,4,30,132,48,28,4,5,10,6,0.7000000000000001,0.1
631,19,CLF_UNION,24,2,43,132,55,28,4,5,10,6,0.7000000000000001,0.1
632,19,ORD-UNION,0,0,0,132,12,28,4,5,10,6,0.7000000000000001,0.1
633,19,CARD,16,18,35,132,48,28,4,5,10,6,0.7000000000000001,0.1
634,19,CLF_UNION,23,11,49,132,56,28,4,5,10,6,0.7000000000000001,0.1
635,19,ORD-UNION,0,0,0,132,7,28,4,5,10,6,0.7000000000000001,0.1
636,19,CARD,21,4,28,132,51,28,4,5,10,6,0.7000000000000001,0.1
637,19,CLF_UNION,24,3,44,132,55,28,4,5,10,6,0.7000000000000001,0.1
638,19,ORD-UNION,0,0,0,132,11,28,4,5,10,6,0.7000000000000001,0.1
639,19,CARD,18,13,38,132,49,28,4,5,10,6,0.7000000000000001,0.1
640,19,CLF_UNION,22,10,52,132,55,28,4,5,10,6,0.7000000000000001,0.1
641,19,ORD-UNION,0,0,0,132,3,28,4,5,10,6,0.7000000000000001,0.1
642,19,CARD,9,5,16,132,52,28,4,5,10,6,0.7000000000000001,0.1
643,19,CLF_UNION,12,3,33,132,55,28,4,5,10,6,0.7000000000000001,0.1
644,19,ORD-UNION,0,0,0,132,22,28,4,5,10,6,0.7000000000000001,0.1
645,20,CARD,20,6,28,150,48,28,4,5,10,6,0.7000000000000001,0.1
646,20,CLF_UNION,19,9,41,150,55,28,4,5,10,6,0.7000000000000001,0.1
647,20,ORD-UNION,0,0,0,150,14,28,4,5,10,6,0.7000000000000001,0.1
648,20,CARD,14,10,30,150,51,28,4,5,10,6,0.7000000000000001,0.1
649,20,CLF_UNION,14,15,46,150,55,28,4,5,10,6,0.7000000000000001,0.1
650,20,ORD-UNION,0,0,0,150,9,28,4,5,10,6,0.7000000000000001,0.1
651,20,CARD,10,10,21,150,51,28,4,5,10,6,0.7000000000000001,0.1
652,20,CLF_UNION,12,11,37,150,55,28,4,5,10,6,0.7000000000000001,0.1
653,20,ORD-UNION,0,0,0,150,18,28,4,5,10,6,0.7000000000000001,0.1
654,20,CARD,1,7,9,150,52,28,4,5,10,6,0.7000000000000001,0.1
655,20,CLF_UNION,3,5,27,150,56,28,4,5,10,6,0.7000000000000001,0.1
656,20,ORD-UNION,0,0,0,150,29,28,4,5,10,6,0.7000000000000001,0.1
657,20,CARD,7,7,17,150,49,28,4,5,10,6,0.7000000000000001,0.1
658,20,CLF_UNION,12,2,31,150,55,28,4,5,10,6,0.7000000000000001,0.1
659,20,ORD-UNION,0,0,0,150,24,28,4,5,10,6,0.7000000000000001,0.1
660,21,CARD,11,16,30,168,49,28,4,5,10,6,0.7000000000000001,0.1
661,21,CLF_UNION,16,11,44,168,55,28,4,5,10,6,0.7000000000000001,0.1
662,21,ORD-UNION,0,0,0,168,11,28,4,5,10,6,0.7000000000000001,0.1
663,21,CARD,3,25,30,168,47,28,4,5,10,6,0.7000000000000001,0.1
664,21,CLF_UNION,17,11,42,168,55,28,4,5,10,6,0.7000000000000001,0.1
665,21,ORD-UNION,0,0,0,168,13,28,4,5,10,6,0.7000000000000001,0.1
666,21,CARD,14,9,23,168,52,28,4,5,10,6,0.7000000000000001,0.1
667,21,CLF_UNION,19,4,41,168,56,28,4,5,10,6,0.7000000000000001,0.1
668,21,ORD-UNION,0,0,0,168,15,28,4,5,10,6,0.7000000000000001,0.1
669,21,CARD,0,9,9,168,55,28,4,5,10,6,0.7000000000000001,0.1
670,21,CLF_UNION,1,8,29,168,55,28,4,5,10,6,0.7000000000000001,0.1
671,21,ORD-UNION,0,0,0,168,26,28,4,5,10,6,0.7000000000000001,0.1
672,21,CARD,11,3,17,168,56,28,4,5,10,6,0.7000000000000001,0.1
673,21,CLF_UNION,14,0,38,168,55,28,4,5,10,6,0.7000000000000001,0.1
674,21,ORD-UNION,0,0,0,168,17,28,4,5,10,6,0.7000000000000001,0.1
675,22,CARD,10,3,17,189,49,28,4,5,10,6,0.7000000000000001,0.1
676,22,CLF_UNION,13,0,32,189,56,28,4,5,10,6,0.7000000000000001,0.1
677,22,ORD-UNION,0,0,0,189,24,28,4,5,10,6,0.7000000000000001,0.1
678,22,CARD,13,2,16,189,50,28,4,5,10,6,0.7000000000000001,0.1
679,22,CLF_UNION,14,1,32,189,56,28,4,5,10,6,0.7000000000000001,0.1
680,22,ORD-UNION,0,0,0,189,24,28,4,5,10,6,0.7000000000000001,0.1
681,22,CARD,10,9,22,189,49,28,4,5,10,6,0.7000000000000001,0.1
682,22,CLF_UNION,13,9,37,189,55,28,4,5,10,6,0.7000000000000001,0.1
683,22,ORD-UNION,0,0,0,189,19,28,4,5,10,6,0.7000000000000001,0.1
684,22,CARD,10,4,16,189,49,28,4,5,10,6,0.7000000000000001,0.1
685,22,CLF_UNION,14,2,32,189,56,28,4,5,10,6,0.7000000000000001,0.1
686,22,ORD-UNION,0,0,0,189,25,28,4,5,10,6,0.7000000000000001,0.1
687,22,CARD,16,1,17,189,52,28,4,5,10,6,0.7000000000000001,0.1
688,22,CLF_UNION,17,0,35,189,56,28,4,5,10,6,0.7000000000000001,0.1
689,22,ORD-UNION,0,0,0,189,21,28,4,5,10,6,0.7000000000000001,0.1
690,23,CARD,1,7,9,208,55,28,4,5,10,6,0.7000000000000001,0.1
691,23,CLF_UNION,8,0,29,208,55,28,4,5,10,6,0.7000000000000001,0.1
692,23,ORD-UNION,0,0,0,208,26,28,4,5,10,6,0.7000000000000001,0.1
693,23,CARD,10,5,17,208,48,28,4,5,10,6,0.7000000000000001,0.1
694,23,CLF_UNION,15,0,30,208,55,28,4,5,10,6,0.7000000000000001,0.1
695,23,ORD-UNION,0,0,0,208,25,28,4,5,10,6,0.7000000000000001,0.1
696,23,CARD,6,10,17,208,56,28,4,5,10,6,0.7000000000000001,0.1
697,23,CLF_UNION,16,0,41,208,58,28,4,5,10,6,0.7000000000000001,0.1
698,23,ORD-UNION,0,0,0,208,17,28,4,5,10,6,0.7000000000000001,0.1
699,23,CARD,15,2,17,208,50,28,4,5,10,6,0.7000000000000001,0.1
700,23,CLF_UNION,14,3,33,208,56,28,4,5,10,6,0.7000000000000001,0.1
701,23,ORD-UNION,0,0,0,208,23,28,4,5,10,6,0.7000000000000001,0.1
702,23,CARD,4,12,17,208,51,28,4,5,10,6,0.7000000000000001,0.1
703,23,CLF_UNION,7,9,33,208,55,28,4,5,10,6,0.7000000000000001,0.1
704,23,ORD-UNION,0,0,0,208,22,28,4,5,10,6,0.7000000000000001,0.1
705,24,CARD,14,1,17,230,55,28,4,5,10,6,0.7000000000000001,0.1
706,24,CLF_UNION,15,0,37,230,55,28,4,5,10,6,0.7000000000000001,0.1
707,24,ORD-UNION,0,0,0,230,18,28,4,5,10,6,0.7000000000000001,0.1
708,24,CARD,11,10,23,230,49,28,4,5,10,6,0.7000000000000001,0.1
709,24,CLF_UNION,16,6,37,230,55,28,4,5,10,6,0.7000000000000001,0.1
710,24,ORD-UNION,0,0,0,230,18,28,4,5,10,6,0.7000000000000001,0.1
711,24,CARD,0,0,0,230,57,28,4,5,10,6,0.7000000000000001,0.1
712,24,CLF_UNION,0,0,22,230,55,28,4,5,10,6,0.7000000000000001,0.1
713,24,ORD-UNION,0,0,0,230,33,28,4,5,10,6,0.7000000000000001,0.1
714,24,CARD,0,0,0,230,51,28,4,5,10,6,0.7000000000000001,0.1
715,24,CLF_UNION,0,0,16,230,55,28,4,5,10,6,0.7000000000000001,0.1
716,24,ORD-UNION,0,0,0,230,39,28,4,5,10,6,0.7000000000000001,0.1
717,24,CARD,15,6,24,230,46,28,4,5,10,6,0.7000000000000001,0.1
718,24,CLF_UNION,19,2,35,230,55,28,4,5,10,6,0.7000000000000001,0.1
719,24,ORD-UNION,0,0,0,230,20,28,4,5,10,6,0.7000000000000001,0.1
720,1,CARD,14,6,24,1,66,28,4,5,10,6,0.7000000000000001,0.1
721,1,CLF_UNION,32,23,73,1,73,28,4,5,10,6,0.7000000000000001,0.1
722,1,ORD-UNION,0,0,0,1,0,28,4,5,10,6,0.7000000000000001,0.1
723,1,CARD,13,7,24,1,66,28,4,5,10,6,0.7000000000000001,0.1
724,1,CLF_UNION,29,22,69,1,69,28,4,5,10,6,0.7000000000000001,0.1
725,1,ORD-UNION,0,0,0,1,0,28,4,5,10,6,0.7000000000000001,0.1
726,1,CARD,18,2,24,1,66,28,4,5,10,6,0.7000000000000001,0.1
727,1,CLF_UNION,35,21,77,1,77,28,4,5,10,6,0.7000000000000001,0.1
728,1,ORD-UNION,0,0,0,1,0,28,4,5,10,6,0.7000000000000001,0.1
729,1,CARD,13,8,25,1,65,28,4,5,10,6,0.7000000000000001,0.1
730,1,CLF_UNION,29,26,77,1,77,28,4,5,10,6,0.7000000000000001,0.1
731,1,ORD-UNION,0,0,0,1,0,28,4,5,10,6,0.7000000000000001,0.1
732,1,CARD,8,11,25,1,65,28,4,5,10,6,0.7000000000000001,0.1
733,1,CLF_UNION,23,24,67,1,67,28,4,5,10,6,0.7000000000000001,0.1
734,1,ORD-UNION,0,0,0,1,0,28,4,5,10,6,0.7000000000000001,0.1
735,2,CARD,12,6,25,2,65,28,4,5,10,6,0.7000000000000001,0.1
736,2,CLF_UNION,29,23,75,2,75,28,4,5,10,6,0.7000000000000001,0.1
737,2,ORD-UNION,0,0,0,2,0,28,4,5,10,6,0.7000000000000001,0.1
738,2,CARD,2,20,24,2,66,28,4,5,10,6,0.7000000000000001,0.1
739,2,CLF_UNION,19,37,76,2,76,28,4,5,10,6,0.7000000000000001,0.1
740,2,ORD-UNION,0,0,0,2,0,28,4,5,10,6,0.7000000000000001,0.1
741,2,CARD,7,14,25,2,65,28,4,5,10,6,0.7000000000000001,0.1
742,2,CLF_UNION,25,32,75,2,75,28,4,5,10,6,0.7000000000000001,0.1
743,2,ORD-UNION,0,0,0,2,0,28,4,5,10,6,0.7000000000000001,0.1
744,2,CARD,7,14,25,2,65,28,4,5,10,6,0.7000000000000001,0.1
745,2,CLF_UNION,24,31,75,2,75,28,4,5,10,6,0.7000000000000001,0.1
746,2,ORD-UNION,0,0,0,2,0,28,4,5,10,6,0.7000000000000001,0.1
747,2,CARD,12,7,25,2,65,28,4,5,10,6,0.7000000000000001,0.1
748,2,CLF_UNION,30,25,75,2,75,28,4,5,10,6,0.7000000000000001,0.1
749,2,ORD-UNION,0,0,0,2,0,28,4,5,10,6,0.7000000000000001,0.1
750,3,CARD,26,4,35,5,54,28,4,5,10,6,0.7000000000000001,0.1
751,3,CLF_UNION,29,10,56,5,57,28,4,5,10,6,0.7000000000000001,0.1
752,3,ORD-UNION,0,0,0,5,1,28,4,5,10,6,0.7000000000000001,0.1
753,3,CARD,25,5,36,5,53,28,4,5,10,6,0.7000000000000001,0.1
754,3,CLF_UNION,22,18,57,5,58,28,4,5,10,6,0.7000000000000001,0.1
755,3,ORD-UNION,0,0,0,5,1,28,4,5,10,6,0.7000000000000001,0.1
756,3,CARD,28,2,37,5,53,28,4,5,10,6,0.7000000000000001,0.1
757,3,CLF_UNION,22,15,57,5,57,28,4,5,10,6,0.7000000000000001,0.1
758,3,ORD-UNION,0,0,0,5,0,28,4,5,10,6,0.7000000000000001,0.1
759,3,CARD,27,2,35,5,55,28,4,5,10,6,0.7000000000000001,0.1
760,3,CLF_UNION,27,12,61,5,61,28,4,5,10,6,0.7000000000000001,0.1
761,3,ORD-UNION,0,0,0,5,0,28,4,5,10,6,0.7000000000000001,0.1
762,3,CARD,25,5,37,5,53,28,4,5,10,6,0.7000000000000001,0.1
763,3,CLF_UNION,24,15,58,5,58,28,4,5,10,6,0.7000000000000001,0.1
764,3,ORD-UNION,0,0,0,5,0,28,4,5,10,6,0.7000000000000001,0.1
765,4,CARD,25,9,41,7,49,28,4,5,10,6,0.7000000000000001,0.1
766,4,CLF_UNION,22,18,57,7,57,28,4,5,10,6,0.7000000000000001,0.1
767,4,ORD-UNION,0,0,0,7,0,28,4,5,10,6,0.7000000000000001,0.1
768,4,CARD,21,7,41,7,49,28,4,5,10,6,0.7000000000000001,0.1
769,4,CLF_UNION,19,12,55,7,55,28,4,5,10,6,0.7000000000000001,0.1
770,4,ORD-UNION,0,0,0,7,0,28,4,5,10,6,0.7000000000000001,0.1
771,4,CARD,29,5,40,7,50,28,4,5,10,6,0.7000000000000001,0.1
772,4,CLF_UNION,30,11,57,7,57,28,4,5,10,6,0.7000000000000001,0.1
773,4,ORD-UNION,0,0,0,7,0,28,4,5,10,6,0.7000000000000001,0.1
774,4,CARD,20,15,42,7,48,28,4,5,10,6,0.7000000000000001,0.1
775,4,CLF_UNION,21,17,55,7,55,28,4,5,10,6,0.7000000000000001,0.1
776,4,ORD-UNION,0,0,0,7,0,28,4,5,10,6,0.7000000000000001,0.1
777,4,CARD,20,11,38,7,51,28,4,5,10,6,0.7000000000000001,0.1
778,4,CLF_UNION,20,18,55,7,56,28,4,5,10,6,0.7000000000000001,0.1
779,4,ORD-UNION,0,0,0,7,1,28,4,5,10,6,0.7000000000000001,0.1
780,5,CARD,23,9,40,11,50,28,4,5,10,6,0.7000000000000001,0.1
781,5,CLF_UNION,26,9,55,11,55,28,4,5,10,6,0.7000000000000001,0.1
782,5,ORD-UNION,0,0,0,11,0,28,4,5,10,6,0.7000000000000001,0.1
783,5,CARD,23,8,34,11,54,28,4,5,10,6,0.7000000000000001,0.1
784,5,CLF_UNION,25,11,53,11,55,28,4,5,10,6,0.7000000000000001,0.1
785,5,ORD-UNION,0,0,0,11,2,28,4,5,10,6,0.7000000000000001,0.1
786,5,CARD,21,10,36,11,52,28,4,5,10,6,0.7000000000000001,0.1
787,5,CLF_UNION,27,10,54,11,56,28,4,5,10,6,0.7000000000000001,0.1
788,5,ORD-UNION,0,0,0,11,2,28,4,5,10,6,0.7000000000000001,0.1
789,5,CARD,25,8,38,11,52,28,4,5,10,6,0.7000000000000001,0.1
790,5,CLF_UNION,26,12,55,11,55,28,4,5,10,6,0.7000000000000001,0.1
791,5,ORD-UNION,0,0,0,11,0,28,4,5,10,6,0.7000000000000001,0.1
792,5,CARD,22,10,38,11,52,28,4,5,10,6,0.7000000000000001,0.1
793,5,CLF_UNION,26,12,56,11,56,28,4,5,10,6,0.7000000000000001,0.1
794,5,ORD-UNION,0,0,0,11,0,28,4,5,10,6,0.7000000000000001,0.1
795,6,CARD,25,6,34,15,56,28,4,5,10,6,0.7000000000000001,0.1
796,6,CLF_UNION,31,9,56,15,56,28,4,5,10,6,0.7000000000000001,0.1
797,6,ORD-UNION,0,0,0,15,0,28,4,5,10,6,0.7000000000000001,0.1
798,6,CARD,27,4,38,15,52,28,4,5,10,6,0.7000000000000001,0.1
799,6,CLF_UNION,29,7,55,15,55,28,4,5,10,6,0.7000000000000001,0.1
800,6,ORD-UNION,0,0,0,15,0,28,4,5,10,6,0.7000000000000001,0.1
801,6,CARD,26,7,39,15,51,28,4,5,10,6,0.7000000000000001,0.1
802,6,CLF_UNION,28,10,55,15,55,28,4,5,10,6,0.7000000000000001,0.1
803,6,ORD-UNION,0,0,0,15,0,28,4,5,10,6,0.7000000000000001,0.1
804,6,CARD,23,8,34,15,54,28,4,5,10,6,0.7000000000000001,0.1
805,6,CLF_UNION,25,11,53,15,55,28,4,5,10,6,0.7000000000000001,0.1
806,6,ORD-UNION,0,0,0,15,2,28,4,5,10,6,0.7000000000000001,0.1
807,6,CARD,23,8,36,15,54,28,4,5,10,6,0.7000000000000001,0.1
808,6,CLF_UNION,27,9,55,15,55,28,4,5,10,6,0.7000000000000001,0.1
809,6,ORD-UNION,0,0,0,15,0,28,4,5,10,6,0.7000000000000001,0.1
810,7,CARD,23,7,34,22,55,28,4,5,10,6,0.7000000000000001,0.1
811,7,CLF_UNION,25,11,54,22,55,28,4,5,10,6,0.7000000000000001,0.1
812,7,ORD-UNION,0,0,0,22,1,28,4,5,10,6,0.7000000000000001,0.1
813,7,CARD,22,5,32,22,56,28,4,5,10,6,0.7000000000000001,0.1
814,7,CLF_UNION,27,7,53,22,55,28,4,5,10,6,0.7000000000000001,0.1
815,7,ORD-UNION,0,0,0,22,2,28,4,5,10,6,0.7000000000000001,0.1
816,7,CARD,22,6,36,22,53,28,4,5,10,6,0.7000000000000001,0.1
817,7,CLF_UNION,23,11,54,22,55,28,4,5,10,6,0.7000000000000001,0.1
818,7,ORD-UNION,0,0,0,22,1,28,4,5,10,6,0.7000000000000001,0.1
819,7,CARD,21,4,34,22,56,28,4,5,10,6,0.7000000000000001,0.1
820,7,CLF_UNION,24,8,55,22,55,28,4,5,10,6,0.7000000000000001,0.1
821,7,ORD-UNION,0,0,0,22,0,28,4,5,10,6,0.7000000000000001,0.1
822,7,CARD,23,7,40,22,50,28,4,5,10,6,0.7000000000000001,0.1
823,7,CLF_UNION,24,9,55,22,55,28,4,5,10,6,0.7000000000000001,0.1
824,7,ORD-UNION,0,0,0,22,0,28,4,5,10,6,0.7000000000000001,0.1
825,8,CARD,26,9,40,29,47,28,4,5,10,6,0.7000000000000001,0.1
826,8,CLF_UNION,26,10,52,29,55,28,4,5,10,6,0.7000000000000001,0.1
827,8,ORD-UNION,0,0,0,29,3,28,4,5,10,6,0.7000000000000001,0.1
828,8,CARD,21,14,41,29,47,28,4,5,10,6,0.7000000000000001,0.1
829,8,CLF_UNION,24,12,53,29,55,28,4,5,10,6,0.7000000000000001,0.1
830,8,ORD-UNION,0,0,0,29,2,28,4,5,10,6,0.7000000000000001,0.1
831,8,CARD,23,9,36,29,49,28,4,5,10,6,0.7000000000000001,0.1
832,8,CLF_UNION,23,10,50,29,55,28,4,5,10,6,0.7000000000000001,0.1
833,8,ORD-UNION,0,0,0,29,5,28,4,5,10,6,0.7000000000000001,0.1
834,8,CARD,30,7,45,29,45,28,4,5,10,6,0.7000000000000001,0.1
835,8,CLF_UNION,27,10,55,29,55,28,4,5,10,6,0.7000000000000001,0.1
836,8,ORD-UNION,0,0,0,29,0,28,4,5,10,6,0.7000000000000001,0.1
837,8,CARD,26,8,37,29,48,28,4,5,10,6,0.7000000000000001,0.1
838,8,CLF_UNION,26,8,51,29,56,28,4,5,10,6,0.7000000000000001,0.1
839,8,ORD-UNION,0,0,0,29,5,28,4,5,10,6,0.7000000000000001,0.1
840,9,CARD,19,10,36,38,51,28,4,5,10,6,0.7000000000000001,0.1
841,9,CLF_UNION,25,8,52,38,55,28,4,5,10,6,0.7000000000000001,0.1
842,9,ORD-UNION,0,0,0,38,3,28,4,5,10,6,0.7000000000000001,0.1
843,9,CARD,20,11,38,38,50,28,4,5,10,6,0.7000000000000001,0.1
844,9,CLF_UNION,29,6,53,38,55,28,4,5,10,6,0.7000000000000001,0.1
845,9,ORD-UNION,0,0,0,38,2,28,4,5,10,6,0.7000000000000001,0.1
846,9,CARD,29,3,37,38,48,28,4,5,10,6,0.7000000000000001,0.1
847,9,CLF_UNION,32,2,50,38,55,28,4,5,10,6,0.7000000000000001,0.1
848,9,ORD-UNION,0,0,0,38,5,28,4,5,10,6,0.7000000000000001,0.1
849,9,CARD,20,10,39,38,50,28,4,5,10,6,0.7000000000000001,0.1
850,9,CLF_UNION,26,7,55,38,56,28,4,5,10,6,0.7000000000000001,0.1
851,9,ORD-UNION,0,0,0,38,1,28,4,5,10,6,0.7000000000000001,0.1
852,9,CARD,17,12,40,38,50,28,4,5,10,6,0.7000000000000001,0.1
853,9,CLF_UNION,22,9,56,38,56,28,4,5,10,6,0.7000000000000001,0.1
854,9,ORD-UNION,0,0,0,38,0,28,4,5,10,6,0.7000000000000001,0.1
855,10,CARD,27,4,36,45,53,28,4,5,10,6,0.7000000000000001,0.1
856,10,CLF_UNION,31,7,54,45,55,28,4,5,10,6,0.7000000000000001,0.1
857,10,ORD-UNION,0,0,0,45,1,28,4,5,10,6,0.7000000000000001,0.1
858,10,CARD,25,4,38,45,50,28,4,5,10,6,0.7000000000000001,0.1
859,10,CLF_UNION,27,6,53,45,55,28,4,5,10,6,0.7000000000000001,0.1
860,10,ORD-UNION,0,0,0,45,2,28,4,5,10,6,0.7000000000000001,0.1
861,10,CARD,26,5,39,45,49,28,4,5,10,6,0.7000000000000001,0.1
862,10,CLF_UNION,26,8,53,45,55,28,4,5,10,6,0.7000000000000001,0.1
863,10,ORD-UNION,0,0,0,45,2,28,4,5,10,6,0.7000000000000001,0.1
864,10,CARD,24,9,40,45,49,28,4,5,10,6,0.7000000000000001,0.1
865,10,CLF_UNION,31,6,54,45,55,28,4,5,10,6,0.7000000000000001,0.1
866,10,ORD-UNION,0,0,0,45,1,28,4,5,10,6,0.7000000000000001,0.1
867,10,CARD,26,4,38,45,50,28,4,5,10,6,0.7000000000000001,0.1
868,10,CLF_UNION,29,5,53,45,55,28,4,5,10,6,0.7000000000000001,0.1
869,10,ORD-UNION,0,0,0,45,2,28,4,5,10,6,0.7000000000000001,0.1
870,11,CARD,26,3,36,52,48,28,4,5,10,6,0.7000000000000001,0.1
871,11,CLF_UNION,30,2,49,52,55,28,4,5,10,6,0.7000000000000001,0.1
872,11,ORD-UNION,0,0,0,52,6,28,4,5,10,6,0.7000000000000001,0.1
873,11,CARD,28,7,41,52,48,28,4,5,10,6,0.7000000000000001,0.1
874,11,CLF_UNION,33,5,54,52,55,28,4,5,10,6,0.7000000000000001,0.1
875,11,ORD-UNION,0,0,0,52,1,28,4,5,10,6,0.7000000000000001,0.1
876,11,CARD,31,4,40,52,50,28,4,5,10,6,0.7000000000000001,0.1
877,11,CLF_UNION,33,5,55,52,55,28,4,5,10,6,0.7000000000000001,0.1
878,11,ORD-UNION,0,0,0,52,0,28,4,5,10,6,0.7000000000000001,0.1
879,11,CARD,18,8,33,52,50,28,4,5,10,6,0.7000000000000001,0.1
880,11,CLF_UNION,23,5,48,52,55,28,4,5,10,6,0.7000000000000001,0.1
881,11,ORD-UNION,0,0,0,52,7,28,4,5,10,6,0.7000000000000001,0.1
882,11,CARD,26,7,40,52,47,28,4,5,10,6,0.7000000000000001,0.1
883,11,CLF_UNION,28,7,52,52,55,28,4,5,10,6,0.7000000000000001,0.1
884,11,ORD-UNION,0,0,0,52,3,28,4,5,10,6,0.7000000000000001,0.1
885,12,CARD,25,6,38,61,49,28,4,5,10,6,0.7000000000000001,0.1
886,12,CLF_UNION,25,7,52,61,55,28,4,5,10,6,0.7000000000000001,0.1
887,12,ORD-UNION,0,0,0,61,3,28,4,5,10,6,0.7000000000000001,0.1
888,12,CARD,21,4,33,61,51,28,4,5,10,6,0.7000000000000001,0.1
889,12,CLF_UNION,21,6,50,61,56,28,4,5,10,6,0.7000000000000001,0.1
890,12,ORD-UNION,0,0,0,61,6,28,4,5,10,6,0.7000000000000001,0.1
891,12,CARD,27,3,34,61,48,28,4,5,10,6,0.7000000000000001,0.1
892,12,CLF_UNION,25,6,47,61,55,28,4,5,10,6,0.7000000000000001,0.1
893,12,ORD-UNION,0,0,0,61,8,28,4,5,10,6,0.7000000000000001,0.1
894,12,CARD,22,9,38,61,49,28,4,5,10,6,0.7000000000000001,0.1
895,12,CLF_UNION,23,9,52,61,55,28,4,5,10,6,0.7000000000000001,0.1
896,12,ORD-UNION,0,0,0,61,3,28,4,5,10,6,0.7000000000000001,0.1
897,12,CARD,24,5,38,61,49,28,4,5,10,6,0.7000000000000001,0.1
898,12,CLF_UNION,25,5,52,61,55,28,4,5,10,6,0.7000000000000001,0.1
899,12,ORD-UNION,0,0,0,61,3,28,4,5,10,6,0.7000000000000001,0.1
900,13,CARD,21,0,24,73,53,28,4,5,10,6,0.7000000000000001,0.1
901,13,CLF_UNION,19,7,42,73,55,28,4,5,10,6,0.7000000000000001,0.1
902,13,ORD-UNION,0,0,0,73,13,28,4,5,10,6,0.7000000000000001,0.1
903,13,CARD,31,0,34,73,54,28,4,5,10,6,0.7000000000000001,0.1
904,13,CLF_UNION,29,8,53,73,55,28,4,5,10,6,0.7000000000000001,0.1
905,13,ORD-UNION,0,0,0,73,2,28,4,5,10,6,0.7000000000000001,0.1
906,13,CARD,25,2,30,73,53,28,4,5,10,6,0.7000000000000001,0.1
907,13,CLF_UNION,25,3,48,73,55,28,4,5,10,6,0.7000000000000001,0.1
908,13,ORD-UNION,0,0,0,73,7,28,4,5,10,6,0.7000000000000001,0.1
909,13,CARD,29,3,35,73,50,28,4,5,10,6,0.7000000000000001,0.1
910,13,CLF_UNION,28,6,50,73,55,28,4,5,10,6,0.7000000000000001,0.1
911,13,ORD-UNION,0,0,0,73,5,28,4,5,10,6,0.7000000000000001,0.1
912,13,CARD,20,2,31,73,52,28,4,5,10,6,0.7000000000000001,0.1
913,13,CLF_UNION,20,6,48,73,55,28,4,5,10,6,0.7000000000000001,0.1
914,13,ORD-UNION,0,0,0,73,7,28,4,5,10,6,0.7000000000000001,0.1
915,14,CARD,23,5,33,82,50,28,4,5,10,6,0.7000000000000001,0.1
916,14,CLF_UNION,26,3,49,82,56,28,4,5,10,6,0.7000000000000001,0.1
917,14,ORD-UNION,0,0,0,82,7,28,4,5,10,6,0.7000000000000001,0.1
918,14,CARD,24,9,38,82,50,28,4,5,10,6,0.7000000000000001,0.1
919,14,CLF_UNION,29,6,54,82,56,28,4,5,10,6,0.7000000000000001,0.1
920,14,ORD-UNION,0,0,0,82,2,28,4,5,10,6,0.7000000000000001,0.1
921,14,CARD,10,2,16,82,53,28,4,5,10,6,0.7000000000000001,0.1
922,14,CLF_UNION,8,4,35,82,56,28,4,5,10,6,0.7000000000000001,0.1
923,14,ORD-UNION,0,0,0,82,21,28,4,5,10,6,0.7000000000000001,0.1
924,14,CARD,25,5,35,82,50,28,4,5,10,6,0.7000000000000001,0.1
925,14,CLF_UNION,29,4,50,82,55,28,4,5,10,6,0.7000000000000001,0.1
926,14,ORD-UNION,0,0,0,82,5,28,4,5,10,6,0.7000000000000001,0.1
927,14,CARD,22,5,34,82,47,28,4,5,10,6,0.7000000000000001,0.1
928,14,CLF_UNION,22,6,47,82,56,28,4,5,10,6,0.7000000000000001,0.1
929,14,ORD-UNION,0,0,0,82,9,28,4,5,10,6,0.7000000000000001,0.1
930,15,CARD,17,8,26,97,56,28,4,5,10,6,0.7000000000000001,0.1
931,15,CLF_UNION,18,7,48,97,56,28,4,5,10,6,0.7000000000000001,0.1
932,15,ORD-UNION,0,0,0,97,8,28,4,5,10,6,0.7000000000000001,0.1
933,15,CARD,20,4,28,97,55,28,4,5,10,6,0.7000000000000001,0.1
934,15,CLF_UNION,23,5,48,97,55,28,4,5,10,6,0.7000000000000001,0.1
935,15,ORD-UNION,0,0,0,97,7,28,4,5,10,6,0.7000000000000001,0.1
936,15,CARD,21,8,34,97,47,28,4,5,10,6,0.7000000000000001,0.1
937,15,CLF_UNION,24,6,47,97,56,28,4,5,10,6,0.7000000000000001,0.1
938,15,ORD-UNION,0,0,0,97,9,28,4,5,10,6,0.7000000000000001,0.1
939,15,CARD,23,2,26,97,56,28,4,5,10,6,0.7000000000000001,0.1
940,15,CLF_UNION,19,6,47,97,55,28,4,5,10,6,0.7000000000000001,0.1
941,15,ORD-UNION,0,0,0,97,8,28,4,5,10,6,0.7000000000000001,0.1
942,15,CARD,24,2,30,97,47,28,4,5,10,6,0.7000000000000001,0.1
943,15,CLF_UNION,25,1,43,97,56,28,4,5,10,6,0.7000000000000001,0.1
944,15,ORD-UNION,0,0,0,97,13,28,4,5,10,6,0.7000000000000001,0.1
945,16,CARD,21,2,25,109,54,28,4,5,10,6,0.7000000000000001,0.1
946,16,CLF_UNION,22,2,45,109,56,28,4,5,10,6,0.7000000000000001,0.1
947,16,ORD-UNION,0,0,0,109,11,28,4,5,10,6,0.7000000000000001,0.1
948,16,CARD,11,7,21,109,52,28,4,5,10,6,0.7000000000000001,0.1
949,16,CLF_UNION,15,3,38,109,55,28,4,5,10,6,0.7000000000000001,0.1
950,16,ORD-UNION,0,0,0,109,17,28,4,5,10,6,0.7000000000000001,0.1
951,16,CARD,15,2,21,109,52,28,4,5,10,6,0.7000000000000001,0.1
952,16,CLF_UNION,17,3,38,109,55,28,4,5,10,6,0.7000000000000001,0.1
953,16,ORD-UNION,0,0,0,109,17,28,4,5,10,6,0.7000000000000001,0.1
954,16,CARD,28,2,36,109,48,28,4,5,10,6,0.7000000000000001,0.1
955,16,CLF_UNION,25,5,49,109,55,28,4,5,10,6,0.7000000000000001,0.1
956,16,ORD-UNION,0,0,0,109,6,28,4,5,10,6,0.7000000000000001,0.1
957,16,CARD,18,3,36,109,49,28,4,5,10,6,0.7000000000000001,0.1
958,16,CLF_UNION,15,8,50,109,55,28,4,5,10,6,0.7000000000000001,0.1
959,16,ORD-UNION,0,0,0,109,5,28,4,5,10,6,0.7000000000000001,0.1
960,17,CARD,15,8,24,124,54,28,4,5,10,6,0.7000000000000001,0.1
961,17,CLF_UNION,21,2,43,124,55,28,4,5,10,6,0.7000000000000001,0.1
962,17,ORD-UNION,0,0,0,124,12,28,4,5,10,6,0.7000000000000001,0.1
963,17,CARD,15,8,29,124,52,28,4,5,10,6,0.7000000000000001,0.1
964,17,CLF_UNION,19,4,46,124,55,28,4,5,10,6,0.7000000000000001,0.1
965,17,ORD-UNION,0,0,0,124,9,28,4,5,10,6,0.7000000000000001,0.1
966,17,CARD,20,9,35,124,48,28,4,5,10,6,0.7000000000000001,0.1
967,17,CLF_UNION,25,4,48,124,55,28,4,5,10,6,0.7000000000000001,0.1
968,17,ORD-UNION,0,0,0,124,7,28,4,5,10,6,0.7000000000000001,0.1
969,17,CARD,23,8,34,124,48,28,4,5,10,6,0.7000000000000001,0.1
970,17,CLF_UNION,27,4,47,124,55,28,4,5,10,6,0.7000000000000001,0.1
971,17,ORD-UNION,0,0,0,124,8,28,4,5,10,6,0.7000000000000001,0.1
972,17,CARD,11,4,17,124,49,28,4,5,10,6,0.7000000000000001,0.1
973,17,CLF_UNION,14,1,31,124,55,28,4,5,10,6,0.7000000000000001,0.1
974,17,ORD-UNION,0,0,0,124,24,28,4,5,10,6,0.7000000000000001,0.1
975,18,CARD,15,5,22,139,51,28,4,5,10,6,0.7000000000000001,0.1
976,18,CLF_UNION,22,0,38,139,55,28,4,5,10,6,0.7000000000000001,0.1
977,18,ORD-UNION,0,0,0,139,17,28,4,5,10,6,0.7000000000000001,0.1
978,18,CARD,17,12,36,139,49,28,4,5,10,6,0.7000000000000001,0.1
979,18,CLF_UNION,21,11,50,139,55,28,4,5,10,6,0.7000000000000001,0.1
980,18,ORD-UNION,0,0,0,139,5,28,4,5,10,6,0.7000000000000001,0.1
981,18,CARD,13,11,30,139,49,28,4,5,10,6,0.7000000000000001,0.1
982,18,CLF_UNION,19,5,45,139,56,28,4,5,10,6,0.7000000000000001,0.1
983,18,ORD-UNION,0,0,0,139,11,28,4,5,10,6,0.7000000000000001,0.1
984,18,CARD,21,7,33,139,48,28,4,5,10,6,0.7000000000000001,0.1
985,18,CLF_UNION,24,6,46,139,55,28,4,5,10,6,0.7000000000000001,0.1
986,18,ORD-UNION,0,0,0,139,9,28,4,5,10,6,0.7000000000000001,0.1
987,18,CARD,12,2,17,139,52,28,4,5,10,6,0.7000000000000001,0.1
988,18,CLF_UNION,14,0,38,139,59,28,4,5,10,6,0.7000000000000001,0.1
989,18,ORD-UNION,0,0,0,139,21,28,4,5,10,6,0.7000000000000001,0.1
990,19,CARD,11,4,17,154,50,28,4,5,10,6,0.7000000000000001,0.1
991,19,CLF_UNION,12,3,32,154,55,28,4,5,10,6,0.7000000000000001,0.1
992,19,ORD-UNION,0,0,0,154,23,28,4,5,10,6,0.7000000000000001,0.1
993,19,CARD,8,4,17,154,52,28,4,5,10,6,0.7000000000000001,0.1
994,19,CLF_UNION,8,4,35,154,56,28,4,5,10,6,0.7000000000000001,0.1
995,19,ORD-UNION,0,0,0,154,21,28,4,5,10,6,0.7000000000000001,0.1
996,19,CARD,8,7,23,154,49,28,4,5,10,6,0.7000000000000001,0.1
997,19,CLF_UNION,10,6,37,154,55,28,4,5,10,6,0.7000000000000001,0.1
998,19,ORD-UNION,0,0,0,154,18,28,4,5,10,6,0.7000000000000001,0.1
999,19,CARD,9,5,17,154,52,28,4,5,10,6,0.7000000000000001,0.1
1000,19,CLF_UNION,11,3,34,154,55,28,4,5,10,6,0.7000000000000001,0.1
1001,19,ORD-UNION,0,0,0,154,21,28,4,5,10,6,0.7000000000000001,0.1
1002,19,CARD,18,1,24,154,49,28,4,5,10,6,0.7000000000000001,0.1
1003,19,CLF_UNION,18,1,39,154,56,28,4,5,10,6,0.7000000000000001,0.1
1004,19,ORD-UNION,0,0,0,154,17,28,4,5,10,6,0.7000000000000001,0.1
1005,20,CARD,12,10,29,169,48,28,4,5,10,6,0.7000000000000001,0.1
1006,20,CLF_UNION,16,7,43,169,56,28,4,5,10,6,0.7000000000000001,0.1
1007,20,ORD-UNION,0,0,0,169,13,28,4,5,10,6,0.7000000000000001,0.1
1008,20,CARD,12,11,30,169,51,28,4,5,10,6,0.7000000000000001,0.1
1009,20,CLF_UNION,16,7,47,169,56,28,4,5,10,6,0.7000000000000001,0.1
1010,20,ORD-UNION,0,0,0,169,9,28,4,5,10,6,0.7000000000000001,0.1
1011,20,CARD,25,4,34,169,49,28,4,5,10,6,0.7000000000000001,0.1
1012,20,CLF_UNION,21,9,48,169,55,28,4,5,10,6,0.7000000000000001,0.1
1013,20,ORD-UNION,0,0,0,169,7,28,4,5,10,6,0.7000000000000001,0.1
1014,20,CARD,11,3,17,169,50,28,4,5,10,6,0.7000000000000001,0.1
1015,20,CLF_UNION,11,3,32,169,55,28,4,5,10,6,0.7000000000000001,0.1
1016,20,ORD-UNION,0,0,0,169,23,28,4,5,10,6,0.7000000000000001,0.1
1017,20,CARD,16,7,24,169,52,28,4,5,10,6,0.7000000000000001,0.1
1018,20,CLF_UNION,16,7,43,169,57,28,4,5,10,6,0.7000000000000001,0.1
1019,20,ORD-UNION,0,0,0,169,14,28,4,5,10,6,0.7000000000000001,0.1
1020,21,CARD,18,2,24,184,49,28,4,5,10,6,0.7000000000000001,0.1
1021,21,CLF_UNION,17,3,40,184,57,28,4,5,10,6,0.7000000000000001,0.1
1022,21,ORD-UNION,0,0,0,184,17,28,4,5,10,6,0.7000000000000001,0.1
1023,21,CARD,9,0,9,184,55,28,4,5,10,6,0.7000000000000001,0.1
1024,21,CLF_UNION,9,0,31,184,57,28,4,5,10,6,0.7000000000000001,0.1
1025,21,ORD-UNION,0,0,0,184,26,28,4,5,10,6,0.7000000000000001,0.1
1026,21,CARD,0,0,0,184,53,28,4,5,10,6,0.7000000000000001,0.1
1027,21,CLF_UNION,0,0,18,184,55,28,4,5,10,6,0.7000000000000001,0.1
1028,21,ORD-UNION,0,0,0,184,37,28,4,5,10,6,0.7000000000000001,0.1
1029,21,CARD,21,6,30,184,49,28,4,5,10,6,0.7000000000000001,0.1
1030,21,CLF_UNION,22,5,44,184,55,28,4,5,10,6,0.7000000000000001,0.1
1031,21,ORD-UNION,0,0,0,184,11,28,4,5,10,6,0.7000000000000001,0.1
1032,21,CARD,22,0,23,184,52,28,4,5,10,6,0.7000000000000001,0.1
1033,21,CLF_UNION,21,1,40,184,55,28,4,5,10,6,0.7000000000000001,0.1
1034,21,ORD-UNION,0,0,0,184,15,28,4,5,10,6,0.7000000000000001,0.1
1035,22,CARD,8,8,17,200,52,28,4,5,10,6,0.7000000000000001,0.1
1036,22,CLF_UNION,11,5,35,200,56,28,4,5,10,6,0.7000000000000001,0.1
1037,22,ORD-UNION,0,0,0,200,21,28,4,5,10,6,0.7000000000000001,0.1
1038,22,CARD,15,7,24,200,51,28,4,5,10,6,0.7000000000000001,0.1
1039,22,CLF_UNION,15,7,41,200,56,28,4,5,10,6,0.7000000000000001,0.1
1040,22,ORD-UNION,0,0,0,200,15,28,4,5,10,6,0.7000000000000001,0.1
1041,22,CARD,22,5,29,200,50,28,4,5,10,6,0.7000000000000001,0.1
1042,22,CLF_UNION,23,4,45,200,56,28,4,5,10,6,0.7000000000000001,0.1
1043,22,ORD-UNION,0,0,0,200,11,28,4,5,10,6,0.7000000000000001,0.1
1044,22,CARD,12,7,24,200,47,28,4,5,10,6,0.7000000000000001,0.1
1045,22,CLF_UNION,13,6,36,200,55,28,4,5,10,6,0.7000000000000001,0.1
1046,22,ORD-UNION,0,0,0,200,19,28,4,5,10,6,0.7000000000000001,0.1
1047,22,CARD,0,0,0,200,59,28,4,5,10,6,0.7000000000000001,0.1
1048,22,CLF_UNION,0,0,25,200,56,28,4,5,10,6,0.7000000000000001,0.1
1049,22,ORD-UNION,0,0,0,200,31,28,4,5,10,6,0.7000000000000001,0.1
1050,23,CARD,9,8,22,222,51,28,4,5,10,6,0.7000000000000001,0.1
1051,23,CLF_UNION,17,2,39,222,56,28,4,5,10,6,0.7000000000000001,0.1
1052,23,ORD-UNION,0,0,0,222,17,28,4,5,10,6,0.7000000000000001,0.1
1053,23,CARD,18,8,29,222,49,28,4,5,10,6,0.7000000000000001,0.1
1054,23,CLF_UNION,20,6,43,222,55,28,4,5,10,6,0.7000000000000001,0.1
1055,23,ORD-UNION,0,0,0,222,12,28,4,5,10,6,0.7000000000000001,0.1
1056,23,CARD,16,3,23,222,53,28,4,5,10,6,0.7000000000000001,0.1
1057,23,CLF_UNION,17,3,44,222,58,28,4,5,10,6,0.7000000000000001,0.1
1058,23,ORD-UNION,0,0,0,222,14,28,4,5,10,6,0.7000000000000001,0.1
1059,23,CARD,8,8,17,222,58,28,4,5,10,6,0.7000000000000001,0.1
1060,23,CLF_UNION,13,3,41,222,56,28,4,5,10,6,0.7000000000000001,0.1
1061,23,ORD-UNION,0,0,0,222,15,28,4,5,10,6,0.7000000000000001,0.1
1062,23,CARD,0,7,7,222,54,28,4,5,10,6,0.7000000000000001,0.1
1063,23,CLF_UNION,8,1,28,222,57,28,4,5,10,6,0.7000000000000001,0.1
1064,23,ORD-UNION,0,0,0,222,29,28,4,5,10,6,0.7000000000000001,0.1
1065,24,CARD,0,9,9,244,57,28,4,5,10,6,0.7000000000000001,0.1
1066,24,CLF_UNION,4,5,35,244,59,28,4,5,10,6,0.7000000000000001,0.1
1067,24,ORD-UNION,0,0,0,244,24,28,4,5,10,6,0.7000000000000001,0.1
1068,24,CARD,3,8,14,244,52,28,4,5,10,6,0.7000000000000001,0.1
1069,24,CLF_UNION,10,4,32,244,56,28,4,5,10,6,0.7000000000000001,0.1
1070,24,ORD-UNION,0,0,0,244,24,28,4,5,10,6,0.7000000000000001,0.1
1071,24,CARD,0,0,0,244,58,28,4,5,10,6,0.7000000000000001,0.1
1072,24,CLF_UNION,0,0,25,244,57,28,4,5,10,6,0.7000000000000001,0.1
1073,24,ORD-UNION,0,0,0,244,32,28,4,5,10,6,0.7000000000000001,0.1
1074,24,CARD,10,5,17,244,49,28,4,5,10,6,0.7000000000000001,0.1
1075,24,CLF_UNION,12,3,31,244,55,28,4,5,10,6,0.7000000000000001,0.1
1076,24,ORD-UNION,0,0,0,244,24,28,4,5,10,6,0.7000000000000001,0.1
1077,24,CARD,0,0,0,244,57,28,4,5,10,6,0.7000000000000001,0.1
1078,24,CLF_UNION,0,0,26,244,59,28,4,5,10,6,0.7000000000000001,0.1
1079,24,ORD-UNION,0,0,0,244,33,28,4,5,10,6,0.7000000000000001,0.1
